word	hyphenated	song	occurrence	syllables	context
a	a	*	*	1	*
abate	a·bate	*	*	2	*
abide	a·bide	*	*	2	*
abides	a·bides	*	*	2	*
able	a·ble	*	*	2	*
abode	a·bode	*	*	2	*
abound	a·bound	*	*	2	*
abounding	a·bound·ing	*	*	3	*
abounds	a·bounds	*	*	2	*
about	a·bout	*	*	2	*
above	a·bove	*	*	2	*
abroad	a·broad	*	*	2	*
absence	ab·sence	*	*	2	*
absenting	ab·sent·ing	*	*	3	*
absorbs	ab·sorbs	*	*	2	*
abundance	a·bun·dance	*	*	3	*
accept	ac·cept	*	*	2	*
acceptable	ac·cept·a·ble	*	*	4	*
accepted	ac·cept·ed	*	*	3	*
accord	ac·cord	*	*	2	*
account	ac·count	*	*	2	*
aching	ach·ing	*	*	2	*
across	a·cross	*	*	2	*
active	ac·tive	*	*	2	*
adamant	ad·a·mant	*	*	3	*
address	ad·dress	*	*	2	*
addressed	ad·dressed	*	*	2	*
adds	adds	*	*	1	*
adieu	a·dieu	*	*	2	*
admiring	ad·mir·ing	*	*	3	*
admitted	ad·mit·ted	*	*	3	*
adoration	ad·o·ra·tion	*	*	4	*
adore	a·dore	*	*	2	*
adored	a·dored	*	*	2	*
adores	a·dores	*	*	2	*
adoring	a·dor·ing	*	*	3	*
adorn	a·dorn	*	*	2	*
adorned	a·dorned	*	*	2	*
adorning	a·dorn·ing	*	*	3	*
advice	ad·vice	*	*	2	*
advocate	ad·vo·cate	*	*	3	*
afar	a·far	*	*	2	*
affect	af·fect	*	*	2	*
affection	af·fec·tion	*	*	3	*
affectionately	af·fec·tion·ate·ly	*	*	5	*
affects	af·fects	*	*	2	*
afflicted	af·flict·ed	*	*	3	*
affliction	af·flic·tion	*	*	3	*
afford	af·ford	*	*	2	*
afraid	a·fraid	*	*	2	*
after	af·ter	*	*	2	*
again	a·gain	*	*	2	*
against	a·gainst	*	*	2	*
age	age	*	*	1	*
ages	ag·es	*	*	2	*
agonizing	ag·o·niz·ing	*	*	4	*
agony	ag·o·ny	*	*	3	*
agree	a·gree	*	*	2	*
ah	ah	*	*	1	*
aid	aid	*	*	1	*
aided	aid·ed	*	*	2	*
aim	aim	*	*	1	*
air	air	*	*	1	*
alarms	a·larms	*	*	2	*
alas	a·las	*	*	2	*
alike	a·like	*	*	2	*
alive	a·live	*	*	2	*
all	all	*	*	1	*
alleluia	al·le·lu·ia	*	*	4	*
almighty	al·might·y	*	*	3	*
almost	al·most	*	*	2	*
alms	alms	*	*	1	*
aloft	a·loft	*	*	2	*
alone	a·lone	*	*	2	*
along	a·long	*	*	2	*
aloof	a·loof	*	*	2	*
aloud	a·loud	*	*	2	*
already	al·read·y	*	*	3	*
altar	al·tar	*	*	2	*
alternate	al·ter·nate	*	*	3	*
although	al·though	*	*	2	*
always	al·ways	*	*	2	*
am	am	*	*	1	*
amazed	a·mazed	*	*	2	*
amazing	a·maz·ing	*	*	3	*
ambition	am·bi·tion	*	*	3	*
amen	a·men	*	*	2	*
American	A·mer·i·can	*	*	4	*
amiable	a·mi·a·ble	*	*	4	*
amid	a·mid	*	*	2	*
amidst	a·midst	*	*	2	*
among	a·mong	*	*	2	*
ample	am·ple	*	*	2	*
an	an	*	*	1	*
anchor	an·chor	*	*	2	*
ancient	an·cient	*	*	2	*
and	and	*	*	1	*
anew	a·new	*	*	2	*
angel	an·gel	*	*	2	*
angelic	an·gel·ic	*	*	3	*
anger	an·ger	*	*	2	*
anguish	an·guish	*	*	2	*
annoy	an·noy	*	*	2	*
anoint	a·noint	*	*	2	*
anoints	a·noints	*	*	2	*
anon	a·non	*	*	2	*
another	an·oth·er	*	*	3	*
answer	an·swer	*	*	2	*
answers	an·swers	*	*	2	*
antedate	an·te·date	*	*	3	*
antichrist	an·ti·christ	*	*	3	*
anxious	anx·ious	*	*	2	*
any	an·y	*	*	2	*
anyone	an·y·one	*	*	3	*
apace	a·pace	*	*	2	*
apostle	a·pos·tle	*	*	3	*
appear	ap·pear	*	*	2	*
appeared	ap·peared	*	*	2	*
appears	ap·pears	*	*	2	*
appeasing	ap·peas·ing	*	*	3	*
appoint	ap·point	*	*	2	*
appointed	ap·point·ed	*	*	3	*
approach	ap·proach	*	*	2	*
approaching	ap·proach·ing	*	*	3	*
approve	ap·prove	*	*	2	*
arduous	ar·du·ous	*	*	3	*
are	are	*	*	1	*
arise	a·rise	*	*	2	*
ark	ark	*	*	1	*
arm	arm	*	*	1	*
armed	armed	*	*	1	*
armies	ar·mies	*	*	2	*
armor	ar·mor	*	*	2	*
arms	arms	*	*	1	*
army	ar·my	*	*	2	*
arose	a·rose	*	*	2	*
around	a·round	*	*	2	*
arrayed	ar·rayed	*	*	2	*
arrive	ar·rive	*	*	2	*
arrives	ar·rives	*	*	2	*
arrow	ar·row	*	*	2	*
arrows	ar·rows	*	*	2	*
art	art	*	*	1	*
as	as	*	*	1	*
ascend	as·cend	*	*	2	*
ascended	as·cend·ed	*	*	3	*
ascending	as·cend·ing	*	*	3	*
ascent	as·cent	*	*	2	*
ashamed	a·shamed	*	*	2	*
aside	a·side	*	*	2	*
ask	ask	*	*	1	*
asked	asked	*	*	1	*
asleep	a·sleep	*	*	2	*
aspect	as·pect	*	*	2	*
aspire	as·pire	*	*	2	*
aspiring	as·pir·ing	*	*	3	*
assail	as·sail	*	*	2	*
assaults	as·saults	*	*	2	*
assemble	as·sem·ble	*	*	3	*
assembly	as·sem·bly	*	*	3	*
assist	as·sist	*	*	2	*
assistance	as·sis·tance	*	*	3	*
assisted	as·sist·ed	*	*	3	*
astonished	as·ton·ished	*	*	3	*
astray	a·stray	*	*	2	*
asunder	a·sun·der	*	*	3	*
at	at	*	*	1	*
atone	a·tone	*	*	2	*
atoning	a·ton·ing	*	*	3	*
attain	at·tain	*	*	2	*
attend	at·tend	*	*	2	*
attends	at·tends	*	*	2	*
attention	at·ten·tion	*	*	3	*
attest	at·test	*	*	2	*
attune	at·tune	*	*	2	*
aught	aught	*	*	1	*
auspicious	aus·pi·cious	*	*	3	*
autumn	au·tumn	*	*	2	*
availed	a·vailed	*	*	2	*
averse	a·verse	*	*	2	*
awake	a·wake	*	*	2	*
awaken	a·wak·en	*	*	3	*
awakes	a·wakes	*	*	2	*
away	a·way	*	*	2	*
awe	awe	*	*	1	*
awful	aw·ful	*	*	2	*
awhile	a·while	*	*	2	*
aye	aye	*	*	1	*
azure	az·ure	*	*	2	*
babe	babe	*	*	1	*
back	back	*	*	1	*
backward	back·ward	*	*	2	*
bad	bad	*	*	1	*
bade	bade	*	*	1	*
balm	balm	*	*	1	*
balmy	balm·y	*	*	2	*
band	band	*	*	1	*
bands	bands	*	*	1	*
bane	bane	*	*	1	*
banish	ban·ish	*	*	2	*
banished	ban·ished	*	*	2	*
banishes	ban·ish·es	*	*	3	*
banishment	ban·ish·ment	*	*	3	*
bank	bank	*	*	1	*
banks	banks	*	*	1	*
banner	ban·ner	*	*	2	*
bar	bar	*	*	1	*
barren	bar·ren	*	*	2	*
bars	bars	*	*	1	*
base	base	*	*	1	*
basely	base·ly	*	*	2	*
bathe	bathe	*	*	1	*
bathed	bathed	*	*	1	*
battle	bat·tle	*	*	2	*
be	be	*	*	1	*
beam	beam	*	*	1	*
beamed	beamed	*	*	1	*
beaming	beam·ing	*	*	2	*
beams	beams	*	*	1	*
bear	bear	*	*	1	*
bears	bears	*	*	1	*
beating	beat·ing	*	*	2	*
beauteous	beau·te·ous	*	*	3	*
beauties	beau·ties	*	*	2	*
beauty	beau·ty	*	*	2	*
because	be·cause	*	*	2	*
beckon	beck·on	*	*	2	*
become	be·come	*	*	2	*
bed	bed	*	*	1	*
beds	beds	*	*	1	*
been	been	*	*	1	*
befall	be·fall	*	*	2	*
before	be·fore	*	*	2	*
began	be·gan	*	*	2	*
begging	beg·ging	*	*	2	*
begin	be·gin	*	*	2	*
beginning	be·gin·ning	*	*	3	*
begins	be·gins	*	*	2	*
begirt	be·girt	*	*	2	*
beguile	be·guile	*	*	2	*
begun	be·gun	*	*	2	*
behavior	be·hav·ior	*	*	3	*
beheld	be·held	*	*	2	*
behind	be·hind	*	*	2	*
behold	be·hold	*	*	2	*
beholding	be·hold·ing	*	*	3	*
being	be·ing	*	*	2	*
believe	be·lieve	*	*	2	*
believed	be·lieved	*	*	2	*
believing	be·liev·ing	*	*	3	*
bell	bell	*	*	1	*
belong	be·long	*	*	2	*
beloved	be·lov·ed	*	*	3	*
below	be·low	*	*	2	*
bend	bend	*	*	1	*
beneath	be·neath	*	*	2	*
benighted	be·night·ed	*	*	3	*
bent	bent	*	*	1	*
berth	berth	*	*	1	*
beset	be·set	*	*	2	*
beside	be·side	*	*	2	*
besides	be·sides	*	*	2	*
best	best	*	*	1	*
bestow	be·stow	*	*	2	*
bestowed	be·stowed	*	*	2	*
bestows	be·stows	*	*	2	*
better	bet·ter	*	*	2	*
between	be·tween	*	*	2	*
beyond	be·yond	*	*	2	*
bid	bid	*	*	1	*
bidden	bid·den	*	*	2	*
bids	bids	*	*	1	*
bier	bier	*	*	1	*
billows	bil·lows	*	*	2	*
bind	bind	*	*	1	*
binds	binds	*	*	1	*
birds	birds	*	*	1	*
birth	birth	*	*	1	*
bitter	bit·ter	*	*	2	*
blackest	black·est	*	*	2	*
blame	blame	*	*	1	*
blast	blast	*	*	1	*
blasted	blast·ed	*	*	2	*
blasts	blasts	*	*	1	*
bled	bled	*	*	1	*
bleed	bleed	*	*	1	*
bleeding	bleed·ing	*	*	2	*
blend	blend	*	*	1	*
bless	bless	*	*	1	*
blessedness	bless·ed·ness	*	*	3	*
blessing	bless·ing	*	*	2	*
blest	blest	*	*	1	*
blind	blind	*	*	1	*
blindly	blind·ly	*	*	2	*
blindness	blind·ness	*	*	2	*
bliss	bliss	*	*	1	*
blissful	bliss·ful	*	*	2	*
blood	blood	*	*	1	*
bloody	blood·y	*	*	2	*
bloom	bloom	*	*	1	*
blooming	bloom·ing	*	*	2	*
blooms	blooms	*	*	1	*
blossoms	blos·soms	*	*	2	*
blow	blow	*	*	1	*
blowing	blow·ing	*	*	2	*
blows	blows	*	*	1	*
blue	blue	*	*	1	*
blush	blush	*	*	1	*
blushes	blush·es	*	*	2	*
blushing	blush·ing	*	*	2	*
board	board	*	*	1	*
boast	boast	*	*	1	*
boasting	boast·ing	*	*	2	*
boat	boat	*	*	1	*
bodies	bod·ies	*	*	2	*
body	bod·y	*	*	2	*
bold	bold	*	*	1	*
boldest	bold·est	*	*	2	*
boldly	bold·ly	*	*	2	*
bond	bond	*	*	1	*
bondage	bond·age	*	*	2	*
bonds	bonds	*	*	1	*
book	book	*	*	1	*
books	books	*	*	1	*
boon	boon	*	*	1	*
borders	bor·ders	*	*	2	*
bore	bore	*	*	1	*
born	born	*	*	1	*
borne	borne	*	*	1	*
bosom	bos·om	*	*	2	*
both	both	*	*	1	*
bought	bought	*	*	1	*
bound	bound	*	*	1	*
boundless	bound·less	*	*	2	*
bounds	bounds	*	*	1	*
bounteous	boun·te·ous	*	*	3	*
bounty	boun·ty	*	*	2	*
bow	bow	*	*	1	*
bowed	bowed	*	*	1	*
bowers	bow·ers	*	*	2	*
bows	bows	*	*	1	*
boy	boy	*	*	1	*
branches	branch·es	*	*	2	*
brass	brass	*	*	1	*
bread	bread	*	*	1	*
breadth	breadth	*	*	1	*
break	break	*	*	1	*
breaks	breaks	*	*	1	*
breast	breast	*	*	1	*
breath	breath	*	*	1	*
breathe	breathe	*	*	1	*
breathes	breathes	*	*	1	*
breathing	breath·ing	*	*	2	*
breeze	breeze	*	*	1	*
breezes	breez·es	*	*	2	*
brethren	breth·ren	*	*	2	*
bride	bride	*	*	1	*
bridegroom	bride·groom	*	*	2	*
bright	bright	*	*	1	*
brighter	bright·er	*	*	2	*
brightest	bright·est	*	*	2	*
brightness	bright·ness	*	*	2	*
brilliant	bril·liant	*	*	2	*
bring	bring	*	*	1	*
bringing	bring·ing	*	*	2	*
brings	brings	*	*	1	*
brink	brink	*	*	1	*
briny	brin·y	*	*	2	*
broad	broad	*	*	1	*
broke	broke	*	*	1	*
broken	bro·ken	*	*	2	*
brokenhearted	bro·ken·heart·ed	*	*	4	*
brooks	brooks	*	*	1	*
brother	broth·er	*	*	2	*
brothers	broth·ers	*	*	2	*
brought	brought	*	*	1	*
brow	brow	*	*	1	*
bruise	bruise	*	*	1	*
bruises	bruis·es	*	*	2	*
build	build	*	*	1	*
built	built	*	*	1	*
burden	bur·den	*	*	2	*
burdened	bur·dened	*	*	2	*
burdens	bur·dens	*	*	2	*
buried	bur·ied	*	*	2	*
burn	burn	*	*	1	*
burning	burn·ing	*	*	2	*
burns	burns	*	*	1	*
burst	burst	*	*	1	*
bursts	bursts	*	*	1	*
but	but	*	*	1	*
by	by	*	*	1	*
call	call	*	*	1	*
called	called	*	*	1	*
calls	calls	*	*	1	*
calm	calm	*	*	1	*
calmed	calmed	*	*	1	*
calms	calms	*	*	1	*
came	came	*	*	1	*
can	can	*	*	1	*
canceled	can·celed	*	*	2	*
cannot	can·not	*	*	2	*
canst	canst	*	*	1	*
captain	cap·tain	*	*	2	*
captive	cap·tive	*	*	2	*
care	care	*	*	1	*
career	ca·reer	*	*	2	*
careful	care·ful	*	*	2	*
careless	care·less	*	*	2	*
cares	cares	*	*	1	*
carnal	car·nal	*	*	2	*
carried	car·ried	*	*	2	*
carry	car·ry	*	*	2	*
cascading	cas·cad·ing	*	*	3	*
case	case	*	*	1	*
cast	cast	*	*	1	*
casting	cast·ing	*	*	2	*
casts	casts	*	*	1	*
catch	catch	*	*	1	*
cause	cause	*	*	1	*
caused	caused	*	*	1	*
caves	caves	*	*	1	*
cease	cease	*	*	1	*
ceased	ceased	*	*	1	*
ceaseless	cease·less	*	*	2	*
ceasing	ceas·ing	*	*	2	*
celestial	ce·les·tial	*	*	3	*
cell	cell	*	*	1	*
certain	cer·tain	*	*	2	*
chain	chain	*	*	1	*
chained	chained	*	*	1	*
chairs	chairs	*	*	1	*
chamber	cham·ber	*	*	2	*
change	change	*	*	1	*
changed	changed	*	*	1	*
changes	chang·es	*	*	2	*
changing	chang·ing	*	*	2	ever-changing
channels	chan·nels	*	*	2	*
characters	char·ac·ters	*	*	3	*
chariot	char·i·ot	*	*	3	*
chariots	chari·ots	*	*	2	*
charity	char·i·ty	*	*	3	*
charm	charm	*	*	1	*
charmed	charmed	*	*	1	*
charming	charm·ing	*	*	2	*
charms	charms	*	*	1	*
charnel	char·nel	*	*	2	*
chase	chase	*	*	1	*
cheek	cheek	*	*	1	*
cheeks	cheeks	*	*	1	*
cheer	cheer	*	*	1	*
cheered	cheered	*	*	1	*
cheerful	cheer·ful	*	*	2	*
cheerfulness	cheer·ful·ness	*	*	3	*
cheering	cheer·ing	*	*	2	*
cherish	cher·ish	*	*	2	*
cherubic	che·ru·bic	*	*	3	*
chide	chide	*	*	1	*
chief	chief	*	*	1	*
child	child	*	*	1	*
children	chil·dren	*	*	2	*
chill	chill	*	*	1	*
chilling	chill·ing	*	*	2	*
choice	choice	*	*	1	*
choicest	choic·est	*	*	2	*
choir	choir	*	*	1	*
choose	choose	*	*	1	*
chord	chord	*	*	1	*
chorus	cho·rus	*	*	2	*
chosen	cho·sen	*	*	2	*
church	church	*	*	1	*
churches	church·es	*	*	2	*
circling	cir·cling	*	*	2	*
circumstance	cir·cum·stance	*	*	3	*
cities	cit·ies	*	*	2	*
city	cit·y	*	*	2	*
claims	claims	*	*	1	*
claps	claps	*	*	1	*
clasp	clasp	*	*	1	*
clay	clay	*	*	1	*
clean	clean	*	*	1	*
cleanse	cleanse	*	*	1	*
cleansed	cleansed	*	*	1	*
clear	clear	*	*	1	*
cleave	cleave	*	*	1	*
cliff	cliff	*	*	1	*
climb	climb	*	*	1	*
climbed	climbed	*	*	1	*
climbing	climb·ing	*	*	2	*
close	close	*	*	1	*
closed	closed	*	*	1	*
closing	clos·ing	*	*	2	*
clothe	clothe	*	*	1	*
clothed	clothed	*	*	1	*
cloud	cloud	*	*	1	*
clouds	clouds	*	*	1	*
cloys	cloys	*	*	1	*
coffin	cof·fin	*	*	2	*
cold	cold	*	*	1	*
combine	com·bine	*	*	2	*
come	come	*	*	1	*
comes	comes	*	*	1	*
comfort	com·fort	*	*	2	*
comforted	com·fort·ed	*	*	3	*
comforts	com·forts	*	*	2	*
coming	com·ing	*	*	2	*
command	com·mand	*	*	2	*
commanded	com·mand·ed	*	*	3	*
commandment	com·mand·ment	*	*	3	*
commands	com·mands	*	*	2	*
committed	com·mit·ted	*	*	3	*
common	com·mon	*	*	2	*
communion	com·mun·ion	*	*	3	*
companion	com·pan·ion	*	*	3	*
companions	com·pan·ions	*	*	3	*
company	com·pa·ny	*	*	3	*
compared	com·pared	*	*	2	*
compassion	com·pas·sion	*	*	3	*
compel	com·pel	*	*	2	*
complain	com·plain	*	*	2	*
complainer	com·plain·er	*	*	3	*
complains	com·plains	*	*	2	*
complaint	com·plaint	*	*	2	*
complete	com·plete	*	*	2	*
comply	com·ply	*	*	2	*
compose	com·pose	*	*	2	*
conceal	con·ceal	*	*	2	*
concealed	con·cealed	*	*	2	*
concern	con·cern	*	*	2	*
concert	con·cert	*	*	2	*
conclude	con·clude	*	*	2	*
condemned	con·demned	*	*	2	*
condescend	con·de·scend	*	*	3	*
condition	con·di·tion	*	*	3	*
condole	con·dole	*	*	2	*
conferred	con·ferred	*	*	2	*
confess	con·fess	*	*	2	*
confessed	con·fessed	*	*	2	*
confined	con·fined	*	*	2	*
conflict	con·flict	*	*	2	*
conflicting	con·flict·ing	*	*	3	*
conflicts	con·flicts	*	*	2	*
confound	con·found	*	*	2	*
confusion	con·fu·sion	*	*	3	*
congregation	con·gre·ga·tion	*	*	4	*
connection	con·nec·tion	*	*	3	*
conquer	con·quer	*	*	2	*
conquered	con·quered	*	*	2	*
conquers	con·quers	*	*	2	*
conquest	con·quest	*	*	2	*
conscience	con·science	*	*	2	*
conscious	con·scious	*	*	2	*
consecrated	con·se·crat·ed	*	*	4	*
consolation	con·so·la·tion	*	*	4	*
conspire	con·spire	*	*	2	*
constant	con·stant	*	*	2	*
constantly	con·stant·ly	*	*	3	*
constrain	con·strain	*	*	2	*
constrained	con·strained	*	*	2	*
contagion	con·ta·gion	*	*	3	*
contempt	con·tempt	*	*	2	*
contend	con·tend	*	*	2	*
content	con·tent	*	*	2	*
contented	con·tent·ed	*	*	3	*
contentment	con·tent·ment	*	*	3	*
contrite	con·trite	*	*	2	*
contrived	con·trived	*	*	2	*
control	con·trol	*	*	2	*
conversation	con·ver·sa·tion	*	*	4	*
converted	con·vert·ed	*	*	3	*
converting	con·vert·ing	*	*	3	*
convey	con·vey	*	*	2	*
conveys	con·veys	*	*	2	*
convinced	con·vinced	*	*	2	*
cooling	cool·ing	*	*	2	*
copy	cop·y	*	*	2	*
cord	cord	*	*	1	*
cordial	cor·dial	*	*	2	*
cords	cords	*	*	1	*
corn	corn	*	*	1	*
cornerstone	cor·ner·stone	*	*	3	*
cost	cost	*	*	1	*
costly	cost·ly	*	*	2	*
cottage	cot·tage	*	*	2	*
could	could	*	*	1	*
counsel	coun·sel	*	*	2	*
counsels	coun·sels	*	*	2	*
count	count	*	*	1	*
country	coun·try	*	*	2	*
courage	cour·age	*	*	2	*
course	course	*	*	1	*
court	court	*	*	1	*
courts	courts	*	*	1	*
cover	cov·er	*	*	2	*
covered	cov·ered	*	*	2	*
covert	cov·ert	*	*	2	*
covet	cov·et	*	*	2	*
cradle	cra·dle	*	*	2	*
crave	crave	*	*	1	*
create	cre·ate	*	*	2	*
created	cre·at·ed	*	*	3	*
creation	cre·a·tion	*	*	3	*
creator	cre·a·tor	*	*	3	*
creature	crea·ture	*	*	2	*
creeping	creep·ing	*	*	2	*
crew	crew	*	*	1	*
cried	cried	*	*	1	*
cries	cries	*	*	1	*
crook	crook	*	*	1	*
cross	cross	*	*	1	*
crossed	crossed	*	*	1	*
crosses	cross·es	*	*	2	*
crossing	cross·ing	*	*	2	*
crowd	crowd	*	*	1	*
crown	crown	*	*	1	*
crowned	crowned	*	*	1	*
crowns	crowns	*	*	1	*
crucified	cru·ci·fied	*	*	3	*
crucify	cru·ci·fy	*	*	3	*
crucifying	cru·ci·fy·ing	*	*	4	*
crush	crush	*	*	1	*
cry	cry	*	*	1	*
crying	cry·ing	*	*	2	*
crystal	crys·tal	*	*	2	*
cup	cup	*	*	1	*
cure	cure	*	*	1	*
curse	curse	*	*	1	*
cut	cut	*	*	1	*
daily	dai·ly	*	*	2	*
dance	dance	*	*	1	*
danger	dan·ger	*	*	2	*
dare	dare	*	*	1	*
dares	dares	*	*	1	*
dark	dark	*	*	1	*
darkened	dark·ened	*	*	2	*
darkest	dark·est	*	*	2	*
darkness	dark·ness	*	*	2	*
darts	darts	*	*	1	*
date	date	*	*	1	*
daughter	daugh·ter	*	*	2	*
dawn	dawn	*	*	1	*
dawning	dawn·ing	*	*	2	*
dawns	dawns	*	*	1	*
day	day	*	*	1	*
days	days	*	*	1	*
dead	dead	*	*	1	*
dear	dear	*	*	1	*
dearer	dear·er	*	*	2	*
dearest	dear·est	*	*	2	*
dearly	dear·ly	*	*	2	*
death	death	*	*	1	*
debt	debt	*	*	1	*
debtor	debt·or	*	*	2	*
decay	de·cay	*	*	2	*
decayed	de·cayed	*	*	2	*
deceitful	de·ceit·ful	*	*	3	*
deceive	de·ceive	*	*	2	*
decent	de·cent	*	*	2	*
decisive	de·ci·sive	*	*	3	*
declare	de·clare	*	*	2	*
declares	de·clares	*	*	2	*
declining	de·clin·ing	*	*	3	*
decreed	de·creed	*	*	2	*
deed	deed	*	*	1	*
deeds	deeds	*	*	1	*
deem	deem	*	*	1	*
deep	deep	*	*	1	*
deeper	deep·er	*	*	2	*
deepest	deep·est	*	*	2	*
defend	de·fend	*	*	2	*
defense	de·fense	*	*	2	*
defenseless	de·fense·less	*	*	3	*
defiled	de·filed	*	*	2	*
defy	de·fy	*	*	2	*
degree	de·gree	*	*	2	*
deign	deign	*	*	1	*
deigns	deigns	*	*	1	*
dejected	de·ject·ed	*	*	3	*
delay	de·lay	*	*	2	*
delicious	de·li·cious	*	*	3	*
delight	de·light	*	*	2	*
delighted	de·light·ed	*	*	3	*
delightful	de·light·ful	*	*	3	*
delights	de·lights	*	*	2	*
deliverance	de·liv·er·ance	*	*	4	*
delivered	de·liv·ered	*	*	3	*
deluge	del·uge	*	*	2	*
delusive	de·lu·sive	*	*	3	*
demand	de·mand	*	*	2	*
demands	de·mands	*	*	2	*
denial	de·ni·al	*	*	3	self-denial
deny	de·ny	*	*	2	*
depart	de·part	*	*	2	*
departed	de·part·ed	*	*	3	*
departing	de·part·ing	*	*	3	*
depend	de·pend	*	*	2	*
deplore	de·plore	*	*	2	*
deride	de·ride	*	*	2	*
descend	de·scend	*	*	2	*
descended	de·scend·ed	*	*	3	*
descending	de·scend·ing	*	*	3	*
descends	de·scends	*	*	2	*
described	de·scribed	*	*	2	*
descry	de·scry	*	*	2	*
deserves	de·serves	*	*	2	*
desire	de·sire	*	*	2	*
desired	de·sired	*	*	2	*
desires	de·sires	*	*	2	*
desolation	des·o·la·tion	*	*	4	*
despair	de·spair	*	*	2	*
despise	de·spise	*	*	2	*
despised	de·spised	*	*	2	*
despond	de·spond	*	*	2	*
destroy	de·stroy	*	*	2	*
destruction	de·struc·tion	*	*	3	*
determined	de·ter·mined	*	*	3	*
devious	de·vi·ous	*	*	3	*
devote	de·vote	*	*	2	*
devotion	de·vo·tion	*	*	3	*
diadem	di·a·dem	*	*	3	*
did	did	*	*	1	*
didst	didst	*	*	1	*
die	die	*	*	1	*
died	died	*	*	1	*
dies	dies	*	*	1	*
dim	dim	*	*	1	*
dipped	dipped	*	*	1	*
direct	di·rect	*	*	2	*
dirt	dirt	*	*	1	*
disappears	dis·ap·pears	*	*	3	*
disbelieve	dis·be·lieve	*	*	3	*
discerning	dis·cern·ing	*	*	3	*
discouraged	dis·cour·aged	*	*	3	*
disdain	dis·dain	*	*	2	*
disdains	dis·dains	*	*	2	*
disease	dis·ease	*	*	2	*
disembodied	dis·em·bod·ied	*	*	4	*
disgrace	dis·grace	*	*	2	*
disguise	dis·guise	*	*	2	*
dismal	dis·mal	*	*	2	*
dismay	dis·may	*	*	2	*
dismayed	dis·mayed	*	*	2	*
disorder	dis·or·der	*	*	3	*
disown	dis·own	*	*	2	*
disperses	dis·pers·es	*	*	3	*
display	dis·play	*	*	2	*
displays	dis·plays	*	*	2	*
dispute	dis·pute	*	*	2	*
disrobe	dis·robe	*	*	2	*
dissolve	dis·solve	*	*	2	*
dissolved	dis·solved	*	*	2	*
dissolves	dis·solves	*	*	2	*
distance	dis·tance	*	*	2	*
distant	dis·tant	*	*	2	*
distantly	dis·tant·ly	*	*	3	*
distinctly	dis·tinct·ly	*	*	3	*
distress	dis·tress	*	*	2	*
distressed	dis·tressed	*	*	2	*
distresses	dis·tress·es	*	*	3	*
disturb	dis·turb	*	*	2	*
disturbance	dis·tur·bance	*	*	3	*
divide	di·vide	*	*	2	*
divided	di·vid·ed	*	*	3	*
divides	di·vides	*	*	2	*
divine	di·vine	*	*	2	*
divinely	di·vine·ly	*	*	3	*
diviner	di·vin·er	*	*	3	*
do	do	*	*	1	*
does	does	*	*	1	*
doeth	do·eth	*	*	2	*
doleful	dole·ful	*	*	2	*
domain	do·main	*	*	2	*
dome	dome	*	*	1	*
dominion	do·min·ion	*	*	3	*
done	done	*	*	1	*
doom	doom	*	*	1	*
door	door	*	*	1	*
dost	dost	*	*	1	*
doth	doth	*	*	1	*
double	dou·ble	*	*	2	*
doubt	doubt	*	*	1	*
doubting	doubt·ing	*	*	2	*
doubts	doubts	*	*	1	*
dove	dove	*	*	1	*
down	down	*	*	1	*
downward	down·ward	*	*	2	*
downy	down·y	*	*	2	*
drags	drags	*	*	1	*
drained	drained	*	*	1	*
drank	drank	*	*	1	*
draw	draw	*	*	1	*
drawing	draw·ing	*	*	2	*
drawn	drawn	*	*	1	*
draws	draws	*	*	1	*
dread	dread	*	*	1	*
dreadful	dread·ful	*	*	2	*
dream	dream	*	*	1	*
drear	drear	*	*	1	*
dreary	drea·ry	*	*	2	*
dressed	dressed	*	*	1	*
drew	drew	*	*	1	*
drink	drink	*	*	1	*
drinking	drink·ing	*	*	2	*
drive	drive	*	*	1	*
drives	drives	*	*	1	*
droop	droop	*	*	1	*
drooping	droop·ing	*	*	2	*
drop	drop	*	*	1	*
drops	drops	*	*	1	*
dross	dross	*	*	1	*
drove	drove	*	*	1	*
drown	drown	*	*	1	*
drowned	drowned	*	*	1	*
drowns	drowns	*	*	1	*
dry	dry	*	*	1	*
due	due	*	*	1	*
dumb	dumb	*	*	1	*
dungeon	dun·geon	*	*	2	*
dust	dust	*	*	1	*
duty	du·ty	*	*	2	*
dwell	dwell	*	*	1	*
dwelling	dwell·ing	*	*	2	*
dwells	dwells	*	*	1	*
dwelt	dwelt	*	*	1	*
dying	dy·ing	*	*	2	*
each	each	*	*	1	*
eager	ea·ger	*	*	2	*
eagle	ea·gle	*	*	2	*
eagles	ea·gles	*	*	2	*
ear	ear	*	*	1	*
early	ear·ly	*	*	2	*
earnest	ear·nest	*	*	2	*
ears	ears	*	*	1	*
earth	earth	*	*	1	*
earthen	earth·en	*	*	2	*
earthly	earth·ly	*	*	2	*
ease	ease	*	*	1	*
east	east	*	*	1	*
eat	eat	*	*	1	*
echo	ech·o	*	*	2	*
echoing	ech·o·ing	*	*	3	*
ecstasy	ec·sta·sy	*	*	3	*
effort	ef·fort	*	*	2	*
eight	eight	*	*	1	*
eighty	eight·y	*	*	2	*
else	else	*	*	1	*
embark	em·bark	*	*	2	*
emblem	em·blem	*	*	2	*
embrace	em·brace	*	*	2	*
embraced	em·braced	*	*	2	*
emerald	em·er·ald	*	*	3	*
emitting	e·mit·ting	*	*	3	*
emotion	e·mo·tion	*	*	3	*
employ	em·ploy	*	*	2	*
employs	em·ploys	*	*	2	*
empress	em·press	*	*	2	*
empty	emp·ty	*	*	2	*
enchanted	en·chant·ed	*	*	3	*
enchantingly	en·chant·ing·ly	*	*	4	*
encircle	en·cir·cle	*	*	3	*
enclose	en·close	*	*	2	*
encompass	en·com·pass	*	*	3	*
end	end	*	*	1	*
endeavor	en·deav·or	*	*	3	*
ended	end·ed	*	*	2	*
endless	end·less	*	*	2	*
endure	en·dure	*	*	2	*
endures	en·dures	*	*	2	*
enemies	en·e·mies	*	*	3	*
energy	en·er·gy	*	*	3	*
enfold	en·fold	*	*	2	*
engage	en·gage	*	*	2	*
engaged	en·gaged	*	*	2	*
enjoy	en·joy	*	*	2	*
enjoyed	en·joyed	*	*	2	*
enlightening	en·light·en·ing	*	*	4	*
enlisted	en·list·ed	*	*	3	*
enough	e·nough	*	*	2	*
enraptured	en·rap·tured	*	*	3	*
ensure	en·sure	*	*	2	*
enter	en·ter	*	*	2	*
entered	en·tered	*	*	2	*
entirely	en·tire·ly	*	*	3	*
entrance	en·trance	*	*	2	*
envied	en·vied	*	*	2	*
equal	e·qual	*	*	2	*
ere	ere	*	*	1	*
erected	e·rect·ed	*	*	3	*
error	er·ror	*	*	2	*
escape	es·cape	*	*	2	*
escaped	es·caped	*	*	2	*
estate	es·tate	*	*	2	*
esteem	es·teem	*	*	2	*
esteemed	es·teemed	*	*	2	*
eternal	e·ter·nal	*	*	3	*
eternally	e·ter·nal·ly	*	*	4	*
eternity	e·ter·ni·ty	*	*	4	*
event	e·vent	*	*	2	*
ever	ev·er	*	*	2	*
evergreen	ev·er·green	*	*	3	*
everlasting	ev·er·last·ing	*	*	4	*
evermore	ev·er·more	*	*	3	*
every	eve·ry	*	*	2	*
evil	e·vil	*	*	2	*
exalted	ex·alt·ed	*	*	3	*
example	ex·am·ple	*	*	3	*
exceeds	ex·ceeds	*	*	2	*
excellent	ex·cel·lent	*	*	3	*
excelling	ex·cel·ling	*	*	3	*
excels	ex·cels	*	*	2	*
exchange	ex·change	*	*	2	*
exchanged	ex·changed	*	*	2	*
excludes	ex·cludes	*	*	2	*
exercise	ex·er·cise	*	*	3	*
exile	ex·ile	*	*	2	*
expand	ex·pand	*	*	2	*
expect	ex·pect	*	*	2	*
expected	ex·pect·ed	*	*	3	*
experience	ex·pe·ri·ence	*	*	4	*
expire	ex·pire	*	*	2	*
expired	ex·pired	*	*	2	*
expires	ex·pires	*	*	2	*
expiring	ex·pir·ing	*	*	3	*
explore	ex·plore	*	*	2	*
express	ex·press	*	*	2	*
extend	ex·tend	*	*	2	*
extended	ex·tend·ed	*	*	3	*
extol	ex·tol	*	*	2	*
exulting	ex·ult·ing	*	*	3	*
eye	eye	*	*	1	*
eyes	eyes	*	*	1	*
face	face	*	*	1	*
faces	fac·es	*	*	2	*
fade	fade	*	*	1	*
fades	fades	*	*	1	*
fading	fad·ing	*	*	2	*
fail	fail	*	*	1	*
failing	fail·ing	*	*	2	never-failing
fain	fain	*	*	1	*
faint	faint	*	*	1	*
fainting	faint·ing	*	*	2	*
faintly	faint·ly	*	*	2	*
faints	faints	*	*	1	*
fair	fair	*	*	1	*
fairer	fair·er	*	*	2	*
fairest	fair·est	*	*	2	*
faith	faith	*	*	1	*
faithful	faith·ful	*	*	2	*
faithfulness	faith·ful·ness	*	*	3	*
fall	fall	*	*	1	*
fallen	fall·en	*	*	2	*
falling	fall·ing	*	*	2	*
falls	falls	*	*	1	*
false	false	*	*	1	*
fame	fame	*	*	1	*
family	fam·i·ly	*	*	3	*
famine	fam·ine	*	*	2	*
fan	fan	*	*	1	*
far	far	*	*	1	*
fare	fare	*	*	1	*
farewell	fare·well	*	*	2	*
fashion	fash·ion	*	*	2	*
fashioned	fash·ioned	*	*	2	old-fashioned
fast	fast	*	*	1	*
fasting	fast·ing	*	*	2	*
fate	fate	*	*	1	*
father	fa·ther	*	*	2	*
fathers	fa·thers	*	*	2	*
faults	faults	*	*	1	*
favor	fa·vor	*	*	2	*
favored	fa·vored	*	*	2	*
fear	fear	*	*	1	*
feared	feared	*	*	1	*
fearful	fear·ful	*	*	2	*
fearing	fear·ing	*	*	2	*
fearless	fear·less	*	*	2	*
fears	fears	*	*	1	*
feast	feast	*	*	1	*
feature	fea·ture	*	*	2	*
feeble	fee·ble	*	*	2	*
feed	feed	*	*	1	*
feel	feel	*	*	1	*
feeling	feel·ing	*	*	2	*
feels	feels	*	*	1	*
feet	feet	*	*	1	*
fellow	fel·low	*	*	2	*
fellowship	fel·low·ship	*	*	3	*
felt	felt	*	*	1	*
fervor	fer·vor	*	*	2	*
festival	fes·ti·val	*	*	3	*
fetter	fet·ter	*	*	2	*
fettered	fet·tered	*	*	2	*
fetters	fet·ters	*	*	2	*
fevered	fe·vered	*	*	2	*
few	few	*	*	1	*
field	field	*	*	1	*
fields	fields	*	*	1	*
fiends	fiends	*	*	1	*
fiery	fier·y	*	*	2	*
fight	fight	*	*	1	*
fill	fill	*	*	1	*
filled	filled	*	*	1	*
fills	fills	*	*	1	*
final	fi·nal	*	*	2	*
find	find	*	*	1	*
finer	fin·er	*	*	2	*
finished	fin·ished	*	*	2	*
fire	fire	*	*	1	*
firm	firm	*	*	1	*
firmament	fir·ma·ment	*	*	3	*
first	first	*	*	1	*
fit	fit	*	*	1	*
fitness	fit·ness	*	*	2	*
fix	fix	*	*	1	*
fixed	fixed	*	*	1	*
flame	flame	*	*	1	*
flamed	flamed	*	*	1	*
flames	flames	*	*	1	*
flaming	flam·ing	*	*	2	*
flash	flash	*	*	1	*
fled	fled	*	*	1	*
flee	flee	*	*	1	*
fleecy	fleec·y	*	*	2	*
fleeting	fleet·ing	*	*	2	*
flesh	flesh	*	*	1	*
flew	flew	*	*	1	*
flies	flies	*	*	1	*
flight	flight	*	*	1	*
flitting	flit·ting	*	*	2	*
flock	flock	*	*	1	*
flocks	flocks	*	*	1	*
flood	flood	*	*	1	*
floods	floods	*	*	1	*
flourish	flour·ish	*	*	2	*
flow	flow	*	*	1	*
flowed	flowed	*	*	1	*
flowers	flow·ers	*	*	2	*
flowing	flow·ing	*	*	2	*
flows	flows	*	*	1	*
fly	fly	*	*	1	*
flying	fly·ing	*	*	2	*
foam	foam	*	*	1	*
foe	foe	*	*	1	*
fold	fold	*	*	1	*
follies	fol·lies	*	*	2	*
follow	fol·low	*	*	2	*
followed	fol·lowed	*	*	2	*
folly	fol·ly	*	*	2	*
fond	fond	*	*	1	*
fondly	fond·ly	*	*	2	*
food	food	*	*	1	*
foolish	fool·ish	*	*	2	*
foot	foot	*	*	1	*
footstool	foot·stool	*	*	2	*
for	for	*	*	1	*
forbear	for·bear	*	*	2	*
forbid	for·bid	*	*	2	*
force	force	*	*	1	*
forced	forced	*	*	1	*
forces	forc·es	*	*	2	*
forego	fore·go	*	*	2	*
foreign	for·eign	*	*	2	*
forest	for·est	*	*	2	*
foretelling	fore·tell·ing	*	*	3	*
forever	for·ev·er	*	*	3	*
forevermore	for·ev·er·more	*	*	4	*
forget	for·get	*	*	2	*
forgetful	for·get·ful	*	*	3	*
forgive	for·give	*	*	2	*
forgiven	for·giv·en	*	*	3	*
forgives	for·gives	*	*	2	*
forgiving	for·giv·ing	*	*	3	*
forgo	for·go	*	*	2	*
forgot	for·got	*	*	2	*
forgotten	for·got·ten	*	*	3	*
forlorn	for·lorn	*	*	2	*
form	form	*	*	1	*
formed	formed	*	*	1	*
formerly	for·mer·ly	*	*	3	*
forms	forms	*	*	1	*
forsake	for·sake	*	*	2	*
forsaken	for·sak·en	*	*	3	*
forsakes	for·sakes	*	*	2	*
forsook	for·sook	*	*	2	*
forth	forth	*	*	1	*
fortune	for·tune	*	*	2	*
forward	for·ward	*	*	2	*
fought	fought	*	*	1	*
foulest	foul·est	*	*	2	*
found	found	*	*	1	*
foundation	foun·da·tion	*	*	3	*
founded	found·ed	*	*	2	*
fount	fount	*	*	1	*
fountain	foun·tain	*	*	2	*
four	four	*	*	1	*
fragrant	fra·grant	*	*	2	ever-fragrant
frail	frail	*	*	1	*
frame	frame	*	*	1	*
fraught	fraught	*	*	1	*
free	free	*	*	1	*
freed	freed	*	*	1	*
freedom	free·dom	*	*	2	*
freely	free·ly	*	*	2	*
frequent	fre·quent	*	*	2	*
fresh	fresh	*	*	1	*
friend	friend	*	*	1	*
friendly	friend·ly	*	*	2	*
friends	friends	*	*	1	*
friendship	friend·ship	*	*	2	*
fright	fright	*	*	1	*
frightful	fright·ful	*	*	2	*
from	from	*	*	1	*
frost	frost	*	*	1	*
frown	frown	*	*	1	*
frowning	frown·ing	*	*	2	*
frozen	fro·zen	*	*	2	*
fruitful	fruit·ful	*	*	2	*
fruits	fruits	*	*	1	*
fulfill	ful·fill	*	*	2	*
fulfilling	ful·fill·ing	*	*	3	*
full	full	*	*	1	*
fullness	full·ness	*	*	2	*
furnace	fur·nace	*	*	2	*
future	fu·ture	*	*	2	*
gain	gain	*	*	1	*
gained	gained	*	*	1	*
gaining	gain·ing	*	*	2	*
gaping	gap·ing	*	*	2	*
garden	gar·den	*	*	2	*
garments	gar·ments	*	*	2	*
garner	gar·ner	*	*	2	*
gasping	gasp·ing	*	*	2	*
gate	gate	*	*	1	*
gates	gates	*	*	1	*
gather	gath·er	*	*	2	*
gathered	gath·ered	*	*	2	*
gathering	gath·er·ing	*	*	3	*
gathers	gath·ers	*	*	2	*
gave	gave	*	*	1	*
gay	gay	*	*	1	*
gazing	gaz·ing	*	*	2	*
gems	gems	*	*	1	*
gentle	gen·tle	*	*	2	*
gently	gen·tly	*	*	2	*
get	get	*	*	1	*
getting	get·ting	*	*	2	*
gifts	gifts	*	*	1	*
gird	gird	*	*	1	*
girdle	gir·dle	*	*	2	*
girl	girl	*	*	1	*
give	give	*	*	1	*
given	giv·en	*	*	2	*
gives	gives	*	*	1	*
giving	giv·ing	*	*	2	life-giving
glad	glad	*	*	1	*
gladly	glad·ly	*	*	2	*
gladness	glad·ness	*	*	2	*
glance	glance	*	*	1	*
glanced	glanced	*	*	1	*
gleam	gleam	*	*	1	*
gleaming	gleam·ing	*	*	2	*
glides	glides	*	*	1	*
glimpse	glimpse	*	*	1	*
gloom	gloom	*	*	1	*
gloomy	gloom·y	*	*	2	*
glories	glo·ries	*	*	2	*
glorified	glo·ri·fied	*	*	3	*
glorious	glo·ri·ous	*	*	3	*
glory	glo·ry	*	*	2	*
glow	glow	*	*	1	*
glowing	glow·ing	*	*	2	*
glows	glows	*	*	1	*
go	go	*	*	1	*
goal	goal	*	*	1	*
god	god	*	*	1	*
godhead	god·head	*	*	2	*
godly	god·ly	*	*	2	*
going	go·ing	*	*	2	*
gold	gold	*	*	1	*
golden	gold·en	*	*	2	*
gone	gone	*	*	1	*
good	good	*	*	1	*
goodness	good·ness	*	*	2	*
gospel	gos·pel	*	*	2	*
government	gov·ern·ment	*	*	3	*
grace	grace	*	*	1	*
gracious	gra·cious	*	*	2	*
grandeur	gran·deur	*	*	2	*
grant	grant	*	*	1	*
granted	grant·ed	*	*	2	*
grasp	grasp	*	*	1	*
grass	grass	*	*	1	*
gratitude	grat·i·tude	*	*	3	*
graves	graves	*	*	1	*
great	great	*	*	1	*
greatest	great·est	*	*	2	*
green	green	*	*	1	*
greet	greet	*	*	1	*
grief	grief	*	*	1	*
grieve	grieve	*	*	1	*
grieved	grieved	*	*	1	*
grievous	griev·ous	*	*	2	*
groan	groan	*	*	1	*
groaned	groaned	*	*	1	*
groans	groans	*	*	1	*
groping	grop·ing	*	*	2	*
ground	ground	*	*	1	*
grounds	grounds	*	*	1	*
grow	grow	*	*	1	*
growing	grow·ing	*	*	2	*
grown	grown	*	*	1	*
grows	grows	*	*	1	*
guard	guard	*	*	1	*
guardian	guard·i·an	*	*	3	*
guarding	guard·ing	*	*	2	*
guards	guards	*	*	1	*
guest	guest	*	*	1	*
guide	guide	*	*	1	*
guides	guides	*	*	1	*
guilt	guilt	*	*	1	*
guilty	guilt·y	*	*	2	*
habitation	hab·i·ta·tion	*	*	4	*
had	had	*	*	1	*
hail	hail	*	*	1	*
hair	hair	*	*	1	*
half	half	*	*	1	*
hallelujah	hal·le·lu·jah	*	*	4	*
halt	halt	*	*	1	*
halted	halt·ed	*	*	2	*
hand	hand	*	*	1	*
handiwork	hand·i·work	*	*	3	*
hands	hands	*	*	1	*
hang	hang	*	*	1	*
hangs	hangs	*	*	1	*
happier	hap·pi·er	*	*	3	*
happiness	hap·pi·ness	*	*	3	*
happy	hap·py	*	*	2	*
hard	hard	*	*	1	*
hardness	hard·ness	*	*	2	*
hark	hark	*	*	1	*
harm	harm	*	*	1	*
harmonious	har·mo·ni·ous	*	*	4	*
harmony	har·mo·ny	*	*	3	*
harp	harp	*	*	1	*
harps	harps	*	*	1	*
hart	hart	*	*	1	*
harvest	har·vest	*	*	2	*
has	has	*	*	1	*
hast	hast	*	*	1	*
haste	haste	*	*	1	*
hasten	has·ten	*	*	2	*
hasty	hast·y	*	*	2	*
hate	hate	*	*	1	*
hath	hath	*	*	1	*
have	have	*	*	1	*
haven	ha·ven	*	*	2	*
having	hav·ing	*	*	2	*
he	he	*	*	1	*
head	head	*	*	1	*
heads	heads	*	*	1	*
heal	heal	*	*	1	*
healed	healed	*	*	1	*
healing	heal·ing	*	*	2	*
heals	heals	*	*	1	*
health	health	*	*	1	*
healthful	health·ful	*	*	2	*
hear	hear	*	*	1	*
heard	heard	*	*	1	*
hears	hears	*	*	1	*
heart	heart	*	*	1	*
hearts	hearts	*	*	1	*
heat	heat	*	*	1	*
heated	heat·ed	*	*	2	*
heats	heats	*	*	1	*
heave	heave	*	*	1	*
heaven	heav·en	*	*	2	*
heavenly	heav·en·ly	*	*	3	*
heavy	heav·y	*	*	2	*
heavy-laden	heav·y·-lad·en	*	*	4	*
heed	heed	*	*	1	*
heedless	heed·less	*	*	2	*
heighten	height·en	*	*	2	*
heir	heir	*	*	1	*
held	held	*	*	1	*
hell	hell	*	*	1	*
helm	helm	*	*	1	*
helmet	hel·met	*	*	2	*
help	help	*	*	1	*
helper	help·er	*	*	2	*
helpless	help·less	*	*	2	*
helps	helps	*	*	1	*
hence	hence	*	*	1	*
henceforth	hence·forth	*	*	2	*
her	her	*	*	1	*
here	here	*	*	1	*
heroes	he·roes	*	*	2	*
herself	her·self	*	*	2	*
hid	hid	*	*	1	*
hidden	hid·den	*	*	2	*
hide	hide	*	*	1	*
hides	hides	*	*	1	*
hiding	hid·ing	*	*	2	*
high	high	*	*	1	*
highly	high·ly	*	*	2	*
highway	high·way	*	*	2	*
hill	hill	*	*	1	*
hills	hills	*	*	1	*
him	him	*	*	1	*
himself	him·self	*	*	2	*
his	his	*	*	1	*
hither	hith·er	*	*	2	*
hoary	hoar·y	*	*	2	*
hold	hold	*	*	1	*
holds	holds	*	*	1	*
holiness	ho·li·ness	*	*	3	*
hollow	hol·low	*	*	2	*
holy	ho·ly	*	*	2	*
home	home	*	*	1	*
homeward	home·ward	*	*	2	*
honey	hon·ey	*	*	2	*
honor	hon·or	*	*	2	*
honored	hon·ored	*	*	2	*
honors	hon·ors	*	*	2	*
hope	hope	*	*	1	*
hoped	hoped	*	*	1	*
hopes	hopes	*	*	1	*
hoping	hop·ing	*	*	2	*
horizon	ho·ri·zon	*	*	3	*
hosanna	ho·san·na	*	*	3	*
host	host	*	*	1	*
hosts	hosts	*	*	1	*
hour	hour	*	*	1	*
house	house	*	*	1	*
how	how	*	*	1	*
however	how·ev·er	*	*	3	*
howl	howl	*	*	1	*
hue	hue	*	*	1	*
human	hu·man	*	*	2	*
humanity	hu·man·i·ty	*	*	4	*
humble	hum·ble	*	*	2	*
humbled	hum·bled	*	*	2	*
humbly	hum·bly	*	*	2	*
hung	hung	*	*	1	*
hunger	hun·ger	*	*	2	*
hungry	hun·gry	*	*	2	*
hurled	hurled	*	*	1	*
hurrying	hur·ry·ing	*	*	3	*
hushed	hushed	*	*	1	*
hymns	hymns	*	*	1	*
i	i	*	*	1	*
icy	ic·y	*	*	2	*
idle	i·dle	*	*	2	*
idol	i·dol	*	*	2	*
if	if	*	*	1	*
ill	ill	*	*	1	*
illume	il·lume	*	*	2	*
image	im·age	*	*	2	*
images	im·ag·es	*	*	3	*
imitate	im·i·tate	*	*	3	*
immortal	im·mor·tal	*	*	3	*
impart	im·part	*	*	2	*
imparts	im·parts	*	*	2	*
impelled	im·pelled	*	*	2	*
impetuous	im·pet·u·ous	*	*	4	*
impious	im·pi·ous	*	*	3	*
implore	im·plore	*	*	2	*
importance	im·por·tance	*	*	3	*
important	im·por·tant	*	*	3	*
improve	im·prove	*	*	2	*
in	in	*	*	1	*
inch	inch	*	*	1	*
inclined	in·clined	*	*	2	*
inconstant	in·con·stant	*	*	3	*
increase	in·crease	*	*	2	*
increasing	in·creas·ing	*	*	3	*
indeed	in·deed	*	*	2	*
indulge	in·dulge	*	*	2	*
indulgent	in·dul·gent	*	*	3	*
infant	in·fant	*	*	2	*
inferior	in·fe·ri·or	*	*	4	*
infinite	in·fi·nite	*	*	3	*
inflamed	in·flamed	*	*	2	*
informed	in·formed	*	*	2	*
inhabit	in·hab·it	*	*	3	*
inmost	in·most	*	*	2	*
innocent	in·no·cent	*	*	3	*
inscribed	in·scribed	*	*	2	*
insensible	in·sen·si·ble	*	*	4	*
inspiration	in·spi·ra·tion	*	*	4	*
inspire	in·spire	*	*	2	*
inspires	in·spires	*	*	2	*
inspiring	in·spir·ing	*	*	3	*
instantly	in·stant·ly	*	*	3	*
instill	in·still	*	*	2	*
instruction	in·struc·tion	*	*	3	*
intended	in·tend·ed	*	*	3	*
intercede	in·ter·cede	*	*	3	*
interest	in·ter·est	*	*	3	*
interposed	in·ter·posed	*	*	3	*
interposing	in·ter·pos·ing	*	*	4	*
intervening	in·ter·ven·ing	*	*	4	*
into	in·to	*	*	2	*
intrude	in·trude	*	*	2	*
invade	in·vade	*	*	2	*
invitation	in·vi·ta·tion	*	*	4	*
invite	in·vite	*	*	2	*
invites	in·vites	*	*	2	*
inviting	in·vit·ing	*	*	3	*
invocation	in·vo·ca·tion	*	*	4	*
inward	in·ward	*	*	2	*
ire	ire	*	*	1	*
iron	i·ron	*	*	2	*
is	is	*	*	1	*
it	it	*	*	1	*
its	its	*	*	1	*
jailer	jail·er	*	*	2	*
jews	jews	*	*	1	*
john	john	*	*	1	*
join	join	*	*	1	*
joined	joined	*	*	1	*
joining	join·ing	*	*	2	*
joins	joins	*	*	1	*
journey	jour·ney	*	*	2	*
journeys	jour·neys	*	*	2	*
joy	joy	*	*	1	*
joyful	joy·ful	*	*	2	*
joyfulness	joy·ful·ness	*	*	3	*
joyless	joy·less	*	*	2	*
joys	joys	*	*	1	*
jubilee	ju·bi·lee	*	*	3	*
judge	judge	*	*	1	*
judgment	judg·ment	*	*	2	*
just	just	*	*	1	*
justice	jus·tice	*	*	2	*
justified	jus·ti·fied	*	*	3	*
justly	just·ly	*	*	2	*
keel	keel	*	*	1	*
keep	keep	*	*	1	*
kept	kept	*	*	1	*
key	key	*	*	1	*
kind	kind	*	*	1	*
kindle	kin·dle	*	*	2	*
kindles	kin·dles	*	*	2	*
kindly	kind·ly	*	*	2	*
kindness	kind·ness	*	*	2	*
kindred	kin·dred	*	*	2	*
king	king	*	*	1	*
kingdom	king·dom	*	*	2	*
kings	kings	*	*	1	*
kiss	kiss	*	*	1	*
kissed	kissed	*	*	1	*
knees	knees	*	*	1	*
knelt	knelt	*	*	1	*
knew	knew	*	*	1	*
knock	knock	*	*	1	*
know	know	*	*	1	*
knowing	know·ing	*	*	2	*
knowledge	knowl·edge	*	*	2	*
known	known	*	*	1	*
knows	knows	*	*	1	*
labor	la·bor	*	*	2	*
labored	la·bored	*	*	2	*
labors	la·bors	*	*	2	*
lack	lack	*	*	1	*
ladder	lad·der	*	*	2	*
laden	lad·en	*	*	2	heavy-laden
laid	laid	*	*	1	*
lake	lake	*	*	1	*
lama	la·ma	*	*	2	*
lamb	lamb	*	*	1	*
lamentation	lam·en·ta·tion	*	*	4	*
laments	la·ments	*	*	2	*
lamp	lamp	*	*	1	*
land	land	*	*	1	*
landed	land·ed	*	*	2	*
landmark	land·mark	*	*	2	*
lands	lands	*	*	1	*
landscape	land·scape	*	*	2	*
language	lan·guage	*	*	2	*
languid	lan·guid	*	*	2	*
languish	lan·guish	*	*	2	*
languished	lan·guished	*	*	2	*
large	large	*	*	1	*
last	last	*	*	1	*
late	late	*	*	1	*
laugh	laugh	*	*	1	*
launch	launch	*	*	1	*
lavish	lav·ish	*	*	2	*
law	law	*	*	1	*
lay	lay	*	*	1	*
lays	lays	*	*	1	*
lead	lead	*	*	1	*
leader	lead·er	*	*	2	*
leading	lead·ing	*	*	2	*
leads	leads	*	*	1	*
lean	lean	*	*	1	*
leaned	leaned	*	*	1	*
leans	leans	*	*	1	*
leaps	leaps	*	*	1	*
learn	learn	*	*	1	*
leathern	leath·ern	*	*	2	*
leave	leave	*	*	1	*
leaves	leaves	*	*	1	*
leaving	leav·ing	*	*	2	*
led	led	*	*	1	*
left	left	*	*	1	*
lend	lend	*	*	1	*
lends	lends	*	*	1	*
less	less	*	*	1	*
lest	lest	*	*	1	*
let	let	*	*	1	*
liberty	lib·er·ty	*	*	3	*
lie	lie	*	*	1	*
lies	lies	*	*	1	*
life	life	*	*	1	*
lifeless	life·less	*	*	2	*
lift	lift	*	*	1	*
lifted	lift·ed	*	*	2	*
lifts	lifts	*	*	1	*
light	light	*	*	1	*
lightning	light·ning	*	*	2	*
lightnings	light·nings	*	*	2	*
lights	lights	*	*	1	*
like	like	*	*	1	*
lilies	lil·ies	*	*	2	*
limbs	limbs	*	*	1	*
line	line	*	*	1	*
lines	lines	*	*	1	*
linger	lin·ger	*	*	2	*
lingering	lin·ger·ing	*	*	3	*
lion	li·on	*	*	2	*
lips	lips	*	*	1	*
liquid	liq·uid	*	*	2	*
lisping	lisp·ing	*	*	2	*
listen	lis·ten	*	*	2	*
little	lit·tle	*	*	2	*
live	live	*	*	1	*
lived	lived	*	*	1	*
lively	live·ly	*	*	2	*
lives	lives	*	*	1	*
living	liv·ing	*	*	2	*
lo	lo	*	*	1	*
load	load	*	*	1	*
loath	loath	*	*	1	*
lodge	lodge	*	*	1	*
lofty	loft·y	*	*	2	*
lone	lone	*	*	1	*
lonesome	lone·some	*	*	2	*
long	long	*	*	1	*
longed	longed	*	*	1	*
longing	long·ing	*	*	2	*
longs	longs	*	*	1	*
look	look	*	*	1	*
looked	looked	*	*	1	*
looking	look·ing	*	*	2	*
looks	looks	*	*	1	*
loosed	loosed	*	*	1	*
lord	lord	*	*	1	*
lose	lose	*	*	1	*
loss	loss	*	*	1	*
lost	lost	*	*	1	*
lot	lot	*	*	1	*
loud	loud	*	*	1	*
loudly	loud·ly	*	*	2	*
love	love	*	*	1	*
loved	loved	*	*	1	*
lovely	love·ly	*	*	2	*
lover	lov·er	*	*	2	*
loves	loves	*	*	1	*
loving	lov·ing	*	*	2	*
low	low	*	*	1	*
lower	low·er	*	*	2	*
lowly	low·ly	*	*	2	*
lucid	lu·cid	*	*	2	*
luring	lur·ing	*	*	2	*
luster	lus·ter	*	*	2	*
lutes	lutes	*	*	1	*
lying	ly·ing	*	*	2	*
lyre	lyre	*	*	1	*
made	made	*	*	1	*
maintain	main·tain	*	*	2	*
maintains	main·tains	*	*	2	*
majesty	maj·es·ty	*	*	3	*
make	make	*	*	1	*
maker	mak·er	*	*	2	*
makes	makes	*	*	1	*
making	mak·ing	*	*	2	*
man	man	*	*	1	*
mandate	man·date	*	*	2	*
manger	man·ger	*	*	2	*
mankind	man·kind	*	*	2	*
manna	man·na	*	*	2	*
mansion	man·sion	*	*	2	*
many	man·y	*	*	2	*
marble	mar·ble	*	*	2	*
marbles	mar·bles	*	*	2	*
march	march	*	*	1	*
marching	march·ing	*	*	2	*
mark	mark	*	*	1	*
marks	marks	*	*	1	*
martyrs	mar·tyrs	*	*	2	*
marvel	mar·vel	*	*	2	*
master	mas·ter	*	*	2	*
matchless	match·less	*	*	2	*
may	may	*	*	1	*
mayst	mayst	*	*	1	*
maze	maze	*	*	1	*
me	me	*	*	1	*
mead	mead	*	*	1	*
meadow	mead·ow	*	*	2	*
mean	mean	*	*	1	*
means	means	*	*	1	*
measure	meas·ure	*	*	2	*
meat	meat	*	*	1	*
mediator	me·di·a·tor	*	*	4	*
meditate	med·i·tate	*	*	3	*
meditation	med·i·ta·tion	*	*	4	*
meek	meek	*	*	1	*
meekly	meek·ly	*	*	2	*
meekness	meek·ness	*	*	2	*
meet	meet	*	*	1	*
melancholy	mel·an·chol·y	*	*	4	*
melodious	me·lo·di·ous	*	*	4	*
melt	melt	*	*	1	*
melted	melt·ed	*	*	2	*
melting	melt·ing	*	*	2	*
melts	melts	*	*	1	*
memorial	me·mo·ri·al	*	*	4	*
men	men	*	*	1	*
mercies	mer·cies	*	*	2	*
mercy	mer·cy	*	*	2	*
merit	mer·it	*	*	2	*
message	mes·sage	*	*	2	*
messenger	mes·sen·ger	*	*	3	*
messengers	mes·sen·gers	*	*	3	*
met	met	*	*	1	*
methinks	me·thinks	*	*	2	*
mid	mid	*	*	1	*
midnight	mid·night	*	*	2	*
midst	midst	*	*	1	*
midsummer	mid·sum·mer	*	*	3	*
might	might	*	*	1	*
mighty	might·y	*	*	2	*
mild	mild	*	*	1	*
milk	milk	*	*	1	*
mind	mind	*	*	1	*
minds	minds	*	*	1	*
mine	mine	*	*	1	*
mingled	min·gled	*	*	2	*
minister	min·is·ter	*	*	3	*
mirth	mirth	*	*	1	*
mischief	mis·chief	*	*	2	*
mischievous	mis·chie·vous	*	*	3	*
miss	miss	*	*	1	*
mission	mis·sion	*	*	2	*
misunderstand	mis·un·der·stand	*	*	4	*
mocked	mocked	*	*	1	*
mold	mold	*	*	1	*
moment	mo·ment	*	*	2	*
monarch	mon·arch	*	*	2	*
money	mon·ey	*	*	2	*
monster	mon·ster	*	*	2	*
moon	moon	*	*	1	*
moons	moons	*	*	1	*
more	more	*	*	1	*
moreover	more·o·ver	*	*	3	*
morn	morn	*	*	1	*
morning	morn·ing	*	*	2	*
morrow	mor·row	*	*	2	*
morsel	mor·sel	*	*	2	*
mortal	mor·tal	*	*	2	*
mortified	mor·ti·fied	*	*	3	*
most	most	*	*	1	*
mother	moth·er	*	*	2	*
mothers	moth·ers	*	*	2	*
mount	mount	*	*	1	*
mountain	moun·tain	*	*	2	*
mounting	mount·ing	*	*	2	*
mounts	mounts	*	*	1	*
mourn	mourn	*	*	1	*
mourned	mourned	*	*	1	*
mourner	mourn·er	*	*	2	*
mournful	mourn·ful	*	*	2	*
mourning	mourn·ing	*	*	2	*
mourns	mourns	*	*	1	*
mouth	mouth	*	*	1	*
move	move	*	*	1	*
moved	moved	*	*	1	*
moves	moves	*	*	1	*
moving	mov·ing	*	*	2	*
much	much	*	*	1	*
multitude	mul·ti·tude	*	*	3	*
murmur	mur·mur	*	*	2	*
murmurs	mur·murs	*	*	2	*
muse	muse	*	*	1	*
music	mu·sic	*	*	2	*
must	must	*	*	1	*
mustard	mus·tard	*	*	2	*
mutual	mu·tu·al	*	*	3	*
my	my	*	*	1	*
myrrh	myrrh	*	*	1	*
myself	my·self	*	*	2	*
mysterious	mys·te·ri·ous	*	*	4	*
mystic	mys·tic	*	*	2	*
nailed	nailed	*	*	1	*
naked	na·ked	*	*	2	*
name	name	*	*	1	*
named	named	*	*	1	*
names	names	*	*	1	*
narrow	nar·row	*	*	2	*
nation	na·tion	*	*	2	*
native	na·tive	*	*	2	*
nature	na·ture	*	*	2	*
naught	naught	*	*	1	*
nay	nay	*	*	1	*
near	near	*	*	1	*
neath	neath	*	*	1	*
neck	neck	*	*	1	*
need	need	*	*	1	*
needful	need·ful	*	*	2	*
needy	need·y	*	*	2	*
neglect	ne·glect	*	*	2	*
neglected	ne·glect·ed	*	*	3	*
neglecting	ne·glect·ing	*	*	3	*
negligent	neg·li·gent	*	*	3	*
neighbors	neigh·bors	*	*	2	*
neither	nei·ther	*	*	2	*
never	nev·er	*	*	2	*
nevermore	nev·er·more	*	*	3	*
new	new	*	*	1	*
news	news	*	*	1	*
next	next	*	*	1	*
nigh	nigh	*	*	1	*
night	night	*	*	1	*
nightingale	night·in·gale	*	*	3	*
nights	nights	*	*	1	*
no	no	*	*	1	*
noble	no·ble	*	*	2	*
nobler	no·bler	*	*	2	*
nobly	no·bly	*	*	2	*
nod	nod	*	*	1	*
noise	noise	*	*	1	*
none	none	*	*	1	*
noon	noon	*	*	1	*
noonday	noon·day	*	*	2	*
nor	nor	*	*	1	*
north	north	*	*	1	*
not	not	*	*	1	*
notes	notes	*	*	1	*
nothing	noth·ing	*	*	2	*
notwithstanding	not·with·stand·ing	*	*	4	*
now	now	*	*	1	*
nowhere	no·where	*	*	2	*
numbers	num·bers	*	*	2	*
o	o	*	*	1	*
oaths	oaths	*	*	1	*
obedience	o·be·di·ence	*	*	4	*
obedient	o·be·di·ent	*	*	4	*
obey	o·bey	*	*	2	*
objects	ob·jects	*	*	2	*
oblation	ob·la·tion	*	*	3	*
observe	ob·serve	*	*	2	*
observed	ob·served	*	*	2	*
obtain	ob·tain	*	*	2	*
obtained	ob·tained	*	*	2	*
ocean	o·cean	*	*	2	*
of	of	*	*	1	*
off	off	*	*	1	*
offer	of·fer	*	*	2	*
offspring	off·spring	*	*	2	*
oft	oft	*	*	1	*
often	of·ten	*	*	2	*
oh	oh	*	*	1	*
oil	oil	*	*	1	*
old	old	*	*	1	*
old-fashioned	old·-fash·ioned	*	*	3	*
omnipotent	om·nip·o·tent	*	*	4	*
on	on	*	*	1	*
once	once	*	*	1	*
one	one	*	*	1	*
only	on·ly	*	*	2	*
onward	on·ward	*	*	2	*
open	o·pen	*	*	2	*
opened	o·pened	*	*	2	*
opens	o·pens	*	*	2	*
oppose	op·pose	*	*	2	*
opposed	op·posed	*	*	2	*
oppressed	op·pressed	*	*	2	*
or	or	*	*	1	*
orb	orb	*	*	1	*
ordained	or·dained	*	*	2	*
order	or·der	*	*	2	*
ordered	or·dered	*	*	2	*
orders	or·ders	*	*	2	*
other	oth·er	*	*	2	*
ought	ought	*	*	1	*
our	our	*	*	1	*
ours	ours	*	*	1	*
out	out	*	*	1	*
outshine	out·shine	*	*	2	*
outstrip	out·strip	*	*	2	*
over	o·ver	*	*	2	*
overcome	o·ver·come	*	*	3	*
overcoming	o·ver·com·ing	*	*	4	*
overflow	o·ver·flow	*	*	3	*
overflowing	o·ver·flow·ing	*	*	4	*
overflows	o·ver·flows	*	*	3	*
overgrown	o·ver·grown	*	*	3	*
overspread	o·ver·spread	*	*	3	*
overwhelmed	o·ver·whelmed	*	*	3	*
owe	owe	*	*	1	*
own	own	*	*	1	*
owns	owns	*	*	1	*
p	p	*	*	1	*
page	page	*	*	1	*
paid	paid	*	*	1	*
pain	pain	*	*	1	*
painfully	pain·ful·ly	*	*	3	*
pains	pains	*	*	1	*
palace	pal·ace	*	*	2	*
pale	pale	*	*	1	*
paler	pal·er	*	*	2	*
palm	palm	*	*	1	palm-wreaths
palms	palms	*	*	1	*
pangs	pangs	*	*	1	*
pant	pant	*	*	1	*
pants	pants	*	*	1	*
paradise	par·a·dise	*	*	3	*
pardon	par·don	*	*	2	*
parental	pa·ren·tal	*	*	3	*
parents	par·ents	*	*	2	*
part	part	*	*	1	*
partake	par·take	*	*	2	*
parted	part·ed	*	*	2	*
parting	part·ing	*	*	2	*
partner	part·ner	*	*	2	*
parts	parts	*	*	1	*
pass	pass	*	*	1	*
passed	passed	*	*	1	*
passing	pass·ing	*	*	2	*
passion	pas·sion	*	*	2	*
passive	pas·sive	*	*	2	*
past	past	*	*	1	*
pasture	pas·ture	*	*	2	*
pastures	pas·tures	*	*	2	*
path	path	*	*	1	*
paths	paths	*	*	1	*
pathway	path·way	*	*	2	*
patience	pa·tience	*	*	2	*
pattern	pat·tern	*	*	2	*
patterns	pat·terns	*	*	2	*
paved	paved	*	*	1	*
pay	pay	*	*	1	*
peace	peace	*	*	1	*
peaceful	peace·ful	*	*	2	*
pearl	pearl	*	*	1	*
pearls	pearls	*	*	1	*
penitent	pen·i·tent	*	*	3	*
penitential	pen·i·ten·tial	*	*	4	*
pensively	pen·sive·ly	*	*	3	*
people	peo·ple	*	*	2	*
perceive	per·ceive	*	*	2	*
perfect	per·fect	*	*	2	*
perform	per·form	*	*	2	*
perfume	per·fume	*	*	2	*
perfumes	per·fumes	*	*	2	*
perhaps	per·haps	*	*	2	*
peril	per·il	*	*	2	*
period	pe·ri·od	*	*	3	*
perish	per·ish	*	*	2	*
permanent	per·ma·nent	*	*	3	*
persecution	per·se·cu·tion	*	*	4	*
perverted	per·vert·ed	*	*	3	*
phantom	phan·tom	*	*	2	*
physician	phy·si·cian	*	*	3	*
piercing	pierc·ing	*	*	2	*
pilgrim	pil·grim	*	*	2	*
pillar	pil·lar	*	*	2	*
pillars	pil·lars	*	*	2	*
pillow	pil·low	*	*	2	*
pillows	pil·lows	*	*	2	*
pilot	pi·lot	*	*	2	*
pinched	pinched	*	*	1	*
pine	pine	*	*	1	*
pinions	pin·ions	*	*	2	*
pious	pi·ous	*	*	2	*
pities	pit·ies	*	*	2	*
pitiful	pit·i·ful	*	*	3	*
pity	pit·y	*	*	2	*
pitying	pit·y·ing	*	*	3	*
place	place	*	*	1	*
placed	placed	*	*	1	*
plain	plain	*	*	1	*
plan	plan	*	*	1	*
plant	plant	*	*	1	*
plantation	plan·ta·tion	*	*	3	*
plants	plants	*	*	1	*
play	play	*	*	1	*
plays	plays	*	*	1	*
plea	plea	*	*	1	*
plead	plead	*	*	1	*
pleads	pleads	*	*	1	*
pleasant	pleas·ant	*	*	2	*
please	please	*	*	1	*
pleased	pleased	*	*	1	*
pleases	pleas·es	*	*	2	*
pleasing	pleas·ing	*	*	2	*
pleasure	pleas·ure	*	*	2	*
pleasures	pleas·ures	*	*	2	*
plunged	plunged	*	*	1	*
point	point	*	*	1	*
points	points	*	*	1	*
pole	pole	*	*	1	*
pomp	pomp	*	*	1	*
pool	pool	*	*	1	*
poor	poor	*	*	1	*
poplar	pop·lar	*	*	2	*
port	port	*	*	1	*
portion	por·tion	*	*	2	*
ports	ports	*	*	1	*
possess	pos·sess	*	*	2	*
possessed	pos·sessed	*	*	2	*
pour	pour	*	*	1	*
poured	poured	*	*	1	*
pouring	pour·ing	*	*	2	*
pours	pours	*	*	1	*
poverty	pov·er·ty	*	*	3	*
power	pow·er	*	*	2	*
powerful	pow·er·ful	*	*	3	*
powers	pow·ers	*	*	2	*
praise	praise	*	*	1	*
praised	praised	*	*	1	*
praises	prais·es	*	*	2	*
praising	prais·ing	*	*	2	*
pray	pray	*	*	1	*
prayed	prayed	*	*	1	*
praying	pray·ing	*	*	2	*
prays	prays	*	*	1	*
preach	preach	*	*	1	*
preaching	preach·ing	*	*	2	*
precious	pre·cious	*	*	2	*
prepare	pre·pare	*	*	2	*
prepared	pre·pared	*	*	2	*
presence	pres·ence	*	*	2	*
presenting	pre·sent·ing	*	*	3	*
preserve	pre·serve	*	*	2	*
preserved	pre·served	*	*	2	*
press	press	*	*	1	*
pressed	pressed	*	*	1	*
pressing	press·ing	*	*	2	*
prevent	pre·vent	*	*	2	*
price	price	*	*	1	*
pride	pride	*	*	1	*
priest	priest	*	*	1	*
priests	priests	*	*	1	*
prime	prime	*	*	1	*
prince	prince	*	*	1	*
princely	prince·ly	*	*	2	*
prison	pris·on	*	*	2	*
prisons	pris·ons	*	*	2	*
prize	prize	*	*	1	*
probation	pro·ba·tion	*	*	3	*
proceed	pro·ceed	*	*	2	*
proclaim	pro·claim	*	*	2	*
proclaimed	pro·claimed	*	*	2	*
proclaims	pro·claims	*	*	2	*
profanely	pro·fane·ly	*	*	3	*
profit	prof·it	*	*	2	*
prolong	pro·long	*	*	2	*
prolonged	pro·longed	*	*	2	*
promise	prom·ise	*	*	2	*
promised	prom·ised	*	*	2	*
promises	prom·is·es	*	*	3	*
prone	prone	*	*	1	*
pronounced	pro·nounced	*	*	2	*
propelled	pro·pelled	*	*	2	*
proper	prop·er	*	*	2	*
prophet	proph·et	*	*	2	*
prospect	pros·pect	*	*	2	*
prospects	pros·pects	*	*	2	*
prosperity	pros·per·i·ty	*	*	4	*
prostrate	pros·trate	*	*	2	*
protecting	pro·tect·ing	*	*	3	*
protector	pro·tec·tor	*	*	3	*
proud	proud	*	*	1	*
prove	prove	*	*	1	*
provide	pro·vide	*	*	2	*
providence	prov·i·dence	*	*	3	*
prudence	pru·dence	*	*	2	*
publish	pub·lish	*	*	2	*
purchase	pur·chase	*	*	2	*
pure	pure	*	*	1	*
purer	pur·er	*	*	2	*
purity	pu·ri·ty	*	*	3	*
purple	pur·ple	*	*	2	*
purposed	pur·posed	*	*	2	*
pursue	pur·sue	*	*	2	*
pursuit	pur·suit	*	*	2	*
put	put	*	*	1	*
queen	queen	*	*	1	*
quench	quench	*	*	1	*
quenched	quenched	*	*	1	*
question	ques·tion	*	*	2	*
quick	quick	*	*	1	*
quickly	quick·ly	*	*	2	*
quit	quit	*	*	1	*
quite	quite	*	*	1	*
r	r	*	*	1	*
race	race	*	*	1	*
radiance	ra·di·ance	*	*	3	*
radiant	ra·di·ant	*	*	3	*
rage	rage	*	*	1	*
raging	rag·ing	*	*	2	*
raiment	rai·ment	*	*	2	*
rain	rain	*	*	1	*
rains	rains	*	*	1	*
raise	raise	*	*	1	*
raised	raised	*	*	1	*
ran	ran	*	*	1	*
range	range	*	*	1	*
ranged	ranged	*	*	1	*
rank	rank	*	*	1	*
ranks	ranks	*	*	1	*
ransom	ran·som	*	*	2	*
ransomed	ran·somed	*	*	2	*
rapture	rap·ture	*	*	2	*
raptured	rap·tured	*	*	2	*
rapturous	rap·tur·ous	*	*	3	*
rather	rath·er	*	*	2	*
ravished	rav·ished	*	*	2	*
ravishing	rav·ish·ing	*	*	3	*
ray	ray	*	*	1	*
rays	rays	*	*	1	*
reach	reach	*	*	1	*
reached	reached	*	*	1	*
read	read	*	*	1	*
ready	read·y	*	*	2	*
real	real	*	*	1	*
realm	realm	*	*	1	*
reap	reap	*	*	1	*
reared	reared	*	*	1	*
reason	rea·son	*	*	2	*
rebel	re·bel	*	*	2	*
rebellion	re·bel·lion	*	*	3	*
rebellious	re·bel·lious	*	*	3	*
rebels	re·bels	*	*	2	*
rebounding	re·bound·ing	*	*	3	*
recall	re·call	*	*	2	*
recedes	re·cedes	*	*	2	*
receive	re·ceive	*	*	2	*
received	re·ceived	*	*	2	*
receives	re·ceives	*	*	2	*
reclining	re·clin·ing	*	*	3	*
recollection	rec·ol·lec·tion	*	*	4	*
record	re·cord	*	*	2	*
recount	re·count	*	*	2	*
recounting	re·count·ing	*	*	3	*
red	red	*	*	1	*
redeem	re·deem	*	*	2	*
redeemed	re·deemed	*	*	2	*
redeemer	re·deem·er	*	*	3	*
redeeming	re·deem·ing	*	*	3	*
redemption	re·demp·tion	*	*	3	*
refine	re·fine	*	*	2	*
refined	re·fined	*	*	2	*
refining	re·fin·ing	*	*	3	*
reflect	re·flect	*	*	2	*
refresh	re·fresh	*	*	2	*
refreshing	re·fresh·ing	*	*	3	*
refuge	ref·uge	*	*	2	*
refulgent	re·ful·gent	*	*	3	*
regain	re·gain	*	*	2	*
regard	re·gard	*	*	2	*
region	re·gion	*	*	2	*
reign	reign	*	*	1	*
reigns	reigns	*	*	1	*
reject	re·ject	*	*	2	*
rejected	re·ject·ed	*	*	3	*
rejoice	re·joice	*	*	2	*
rejoiced	re·joiced	*	*	2	*
rejoicing	re·joic·ing	*	*	3	*
relative	rel·a·tive	*	*	3	*
release	re·lease	*	*	2	*
releasing	re·leas·ing	*	*	3	*
relenting	re·lent·ing	*	*	3	*
relief	re·lief	*	*	2	*
relieve	re·lieve	*	*	2	*
relieved	re·lieved	*	*	2	*
religion	re·li·gion	*	*	3	*
religious	re·li·gious	*	*	3	*
rely	re·ly	*	*	2	*
remain	re·main	*	*	2	*
remaining	re·main·ing	*	*	3	*
remains	re·mains	*	*	2	*
remember	re·mem·ber	*	*	3	*
remnant	rem·nant	*	*	2	*
remotest	re·mot·est	*	*	3	*
remove	re·move	*	*	2	*
removed	re·moved	*	*	2	*
rend	rend	*	*	1	*
render	ren·der	*	*	2	*
renew	re·new	*	*	2	*
renewed	re·newed	*	*	2	*
renounce	re·nounce	*	*	2	*
renown	re·nown	*	*	2	*
renowned	re·nowned	*	*	2	*
repay	re·pay	*	*	2	*
repeat	re·peat	*	*	2	*
repeats	re·peats	*	*	2	*
repent	re·pent	*	*	2	*
repentance	re·pen·tance	*	*	3	*
repenting	re·pent·ing	*	*	3	*
repine	re·pine	*	*	2	*
replies	re·plies	*	*	2	*
repose	re·pose	*	*	2	*
reprove	re·prove	*	*	2	*
reputation	rep·u·ta·tion	*	*	4	*
request	re·quest	*	*	2	*
rescue	res·cue	*	*	2	*
rescued	res·cued	*	*	2	*
rescues	res·cues	*	*	2	*
residence	res·i·dence	*	*	3	*
resides	re·sides	*	*	2	*
resign	re·sign	*	*	2	*
resigned	re·signed	*	*	2	*
resistless	re·sist·less	*	*	3	*
resolve	re·solve	*	*	2	*
resolved	re·solved	*	*	2	*
resort	re·sort	*	*	2	*
resound	re·sound	*	*	2	*
rest	rest	*	*	1	*
resting	rest·ing	*	*	2	*
restless	rest·less	*	*	2	*
restore	re·store	*	*	2	*
resurrection	res·ur·rec·tion	*	*	4	*
retired	re·tired	*	*	2	*
retreat	re·treat	*	*	2	*
return	re·turn	*	*	2	*
returned	re·turned	*	*	2	*
returning	re·turn·ing	*	*	3	*
returns	re·turns	*	*	2	*
reveal	re·veal	*	*	2	*
revealed	re·vealed	*	*	2	*
revere	re·vere	*	*	2	*
revered	re·vered	*	*	2	*
reverential	rev·er·en·tial	*	*	4	*
reverse	re·verse	*	*	2	*
reversion	re·ver·sion	*	*	3	*
revival	re·viv·al	*	*	3	*
revive	re·vive	*	*	2	*
revived	re·vived	*	*	2	*
revives	re·vives	*	*	2	*
reviving	re·viv·ing	*	*	3	*
revolted	re·volt·ed	*	*	3	*
revolve	re·volve	*	*	2	*
revolves	re·volves	*	*	2	*
reward	re·ward	*	*	2	*
rich	rich	*	*	1	*
richer	rich·er	*	*	2	*
riches	rich·es	*	*	2	*
richest	rich·est	*	*	2	*
richly	rich·ly	*	*	2	*
ride	ride	*	*	1	*
rides	rides	*	*	1	*
ridges	ridg·es	*	*	2	*
right	right	*	*	1	*
righteous	right·eous	*	*	2	*
righteously	right·eous·ly	*	*	3	*
righteousness	right·eous·ness	*	*	3	*
rightly	right·ly	*	*	2	*
ring	ring	*	*	1	*
ringing	ring·ing	*	*	2	*
rise	rise	*	*	1	*
risen	ris·en	*	*	2	*
rises	ris·es	*	*	2	*
rising	ris·ing	*	*	2	*
rival	ri·val	*	*	2	*
river	riv·er	*	*	2	*
rivers	riv·ers	*	*	2	*
road	road	*	*	1	*
roam	roam	*	*	1	*
roar	roar	*	*	1	*
roaring	roar·ing	*	*	2	*
roars	roars	*	*	1	*
robed	robed	*	*	1	*
robes	robes	*	*	1	*
rock	rock	*	*	1	*
rocks	rocks	*	*	1	*
rocky	rock·y	*	*	2	*
rod	rod	*	*	1	*
rode	rode	*	*	1	*
roe	roe	*	*	1	*
roll	roll	*	*	1	*
rolled	rolled	*	*	1	*
rolling	roll·ing	*	*	2	*
rolls	rolls	*	*	1	*
roof	roof	*	*	1	*
room	room	*	*	1	*
rose	rose	*	*	1	*
rough	rough	*	*	1	*
round	round	*	*	1	*
rounds	rounds	*	*	1	*
rouse	rouse	*	*	1	*
royal	roy·al	*	*	2	*
royally	roy·al·ly	*	*	3	*
rude	rude	*	*	1	*
rugged	rug·ged	*	*	2	*
ruin	ru·in	*	*	2	*
ruined	ru·ined	*	*	2	*
rule	rule	*	*	1	*
rules	rules	*	*	1	*
ruling	rul·ing	*	*	2	*
run	run	*	*	1	*
running	run·ning	*	*	2	*
rushing	rush·ing	*	*	2	*
s	s	*	*	1	*
sacred	sa·cred	*	*	2	*
sacrifice	sac·ri·fice	*	*	3	*
sad	sad	*	*	1	*
safe	safe	*	*	1	*
safely	safe·ly	*	*	2	*
safety	safe·ty	*	*	2	*
said	said	*	*	1	*
sail	sail	*	*	1	*
sailed	sailed	*	*	1	*
sailor	sail·or	*	*	2	*
sails	sails	*	*	1	*
saint	saint	*	*	1	*
sainted	saint·ed	*	*	2	*
saints	saints	*	*	1	*
saith	saith	*	*	1	*
salvation	sal·va·tion	*	*	3	*
same	same	*	*	1	*
sanctify	sanc·ti·fy	*	*	3	*
sanctifying	sanc·ti·fy·ing	*	*	4	*
sanctuary	sanc·tu·ar·y	*	*	4	*
sand	sand	*	*	1	*
sands	sands	*	*	1	*
sang	sang	*	*	1	*
sank	sank	*	*	1	*
sat	sat	*	*	1	*
satisfied	sat·is·fied	*	*	3	*
save	save	*	*	1	*
saved	saved	*	*	1	*
saves	saves	*	*	1	*
saving	sav·ing	*	*	2	*
savior	sav·ior	*	*	2	*
saw	saw	*	*	1	*
say	say	*	*	1	*
saying	say·ing	*	*	2	*
scan	scan	*	*	1	*
scarce	scarce	*	*	1	*
scars	scars	*	*	1	*
scattered	scat·tered	*	*	2	*
scatters	scat·ters	*	*	2	*
scene	scene	*	*	1	*
scoffing	scoff·ing	*	*	2	*
scorching	scorch·ing	*	*	2	*
scorn	scorn	*	*	1	*
scourging	scourg·ing	*	*	2	*
screen	screen	*	*	1	*
sea	sea	*	*	1	*
seal	seal	*	*	1	*
sealed	sealed	*	*	1	*
seals	seals	*	*	1	*
seaman	sea·man	*	*	2	*
search	search	*	*	1	*
searched	searched	*	*	1	*
season	sea·son	*	*	2	*
seat	seat	*	*	1	*
seated	seat·ed	*	*	2	*
seats	seats	*	*	1	*
second	sec·ond	*	*	2	*
secret	se·cret	*	*	2	*
secure	se·cure	*	*	2	*
secures	se·cures	*	*	2	*
see	see	*	*	1	*
seed	seed	*	*	1	*
seeing	see·ing	*	*	2	*
seek	seek	*	*	1	*
seeking	seek·ing	*	*	2	*
seeks	seeks	*	*	1	*
seem	seem	*	*	1	*
seemed	seemed	*	*	1	*
seeming	seem·ing	*	*	2	*
seems	seems	*	*	1	*
seen	seen	*	*	1	*
sees	sees	*	*	1	*
seize	seize	*	*	1	*
seized	seized	*	*	1	*
self	self	*	*	1	self-denial
self-denial	self·-de·ni·al	*	*	4	*
send	send	*	*	1	*
sends	sends	*	*	1	*
sense	sense	*	*	1	*
senseless	sense·less	*	*	2	*
senses	sens·es	*	*	2	*
sent	sent	*	*	1	*
sentence	sen·tence	*	*	2	*
separated	sep·a·rat·ed	*	*	4	*
seraph	ser·aph	*	*	2	*
seraphic	se·raph·ic	*	*	3	*
serene	se·rene	*	*	2	*
servant	ser·vant	*	*	2	*
serve	serve	*	*	1	*
service	ser·vice	*	*	2	*
set	set	*	*	1	*
sets	sets	*	*	1	*
setting	set·ting	*	*	2	*
seventh	sev·enth	*	*	2	*
severe	se·vere	*	*	2	*
shade	shade	*	*	1	*
shades	shades	*	*	1	*
shadow	shad·ow	*	*	2	*
shadows	shad·ows	*	*	2	*
shake	shake	*	*	1	*
shaken	shak·en	*	*	2	*
shakes	shakes	*	*	1	*
shall	shall	*	*	1	*
shalt	shalt	*	*	1	*
shame	shame	*	*	1	*
shameful	shame·ful	*	*	2	*
shaped	shaped	*	*	1	*
share	share	*	*	1	*
sharer	shar·er	*	*	2	*
sharp	sharp	*	*	1	*
she	she	*	*	1	*
shed	shed	*	*	1	*
sheds	sheds	*	*	1	*
sheep	sheep	*	*	1	*
sheet	sheet	*	*	1	*
shelter	shel·ter	*	*	2	*
shepherd	shep·herd	*	*	2	*
shepherds	shep·herds	*	*	2	*
shield	shield	*	*	1	*
shine	shine	*	*	1	*
shines	shines	*	*	1	*
shining	shin·ing	*	*	2	*
ship	ship	*	*	1	*
shone	shone	*	*	1	*
shooting	shoot·ing	*	*	2	*
shore	shore	*	*	1	*
short	short	*	*	1	*
shortly	short·ly	*	*	2	*
should	should	*	*	1	*
shout	shout	*	*	1	*
shouting	shout·ing	*	*	2	*
show	show	*	*	1	*
showed	showed	*	*	1	*
showered	show·ered	*	*	2	*
showing	show·ing	*	*	2	*
shown	shown	*	*	1	*
shows	shows	*	*	1	*
shrill	shrill	*	*	1	*
shrine	shrine	*	*	1	*
shrink	shrink	*	*	1	*
shun	shun	*	*	1	*
shut	shut	*	*	1	*
shuts	shuts	*	*	1	*
sick	sick	*	*	1	*
sickles	sick·les	*	*	2	*
sickness	sick·ness	*	*	2	*
side	side	*	*	1	*
sigh	sigh	*	*	1	*
sighing	sigh·ing	*	*	2	*
sighs	sighs	*	*	1	*
sight	sight	*	*	1	*
sightless	sight·less	*	*	2	*
signs	signs	*	*	1	*
silence	si·lence	*	*	2	*
silent	si·lent	*	*	2	*
silver	sil·ver	*	*	2	*
simple	sim·ple	*	*	2	*
sin	sin	*	*	1	*
since	since	*	*	1	*
sincere	sin·cere	*	*	2	*
sincerity	sin·cer·i·ty	*	*	4	*
sinful	sin·ful	*	*	2	*
sing	sing	*	*	1	*
singing	sing·ing	*	*	2	*
single	sin·gle	*	*	2	*
sings	sings	*	*	1	*
sink	sink	*	*	1	*
sinking	sink·ing	*	*	2	*
sinner	sin·ner	*	*	2	*
sinning	sin·ning	*	*	2	*
sins	sins	*	*	1	*
sister	sis·ter	*	*	2	*
sisters	sis·ters	*	*	2	*
sit	sit	*	*	1	*
sits	sits	*	*	1	*
sitting	sit·ting	*	*	2	*
situated	sit·u·at·ed	*	*	4	*
skies	skies	*	*	1	*
skill	skill	*	*	1	*
sky	sky	*	*	1	*
slain	slain	*	*	1	*
sleep	sleep	*	*	1	*
sleeping	sleep·ing	*	*	2	*
sleeps	sleeps	*	*	1	*
slept	slept	*	*	1	*
slight	slight	*	*	1	*
slow	slow	*	*	1	*
slowly	slow·ly	*	*	2	*
sluggish	slug·gish	*	*	2	*
slumber	slum·ber	*	*	2	*
small	small	*	*	1	*
smart	smart	*	*	1	*
smile	smile	*	*	1	*
smiled	smiled	*	*	1	*
smiles	smiles	*	*	1	*
smiling	smil·ing	*	*	2	*
smite	smite	*	*	1	*
smoke	smoke	*	*	1	*
snares	snares	*	*	1	*
snatched	snatched	*	*	1	*
snow	snow	*	*	1	*
snow-white	snow·-white	*	*	2	*
so	so	*	*	1	*
soar	soar	*	*	1	*
soaring	soar·ing	*	*	2	*
sober	so·ber	*	*	2	*
social	so·cial	*	*	2	*
soft	soft	*	*	1	*
soften	soft·en	*	*	2	*
softly	soft·ly	*	*	2	*
soil	soil	*	*	1	*
sojourner	so·journ·er	*	*	3	*
sojourns	so·journs	*	*	2	*
solace	sol·ace	*	*	2	*
soldier	sol·dier	*	*	2	*
soldiers	sol·diers	*	*	2	*
sole	sole	*	*	1	*
solemn	sol·emn	*	*	2	*
solid	sol·id	*	*	2	*
some	some	*	*	1	*
something	some·thing	*	*	2	*
sometimes	some·times	*	*	2	*
son	son	*	*	1	*
song	song	*	*	1	*
sonnet	son·net	*	*	2	*
soon	soon	*	*	1	*
sooner	soon·er	*	*	2	*
soothe	soothe	*	*	1	*
soothes	soothes	*	*	1	*
sore	sore	*	*	1	*
sorely	sore·ly	*	*	2	*
sorrow	sor·row	*	*	2	*
sorrowed	sor·rowed	*	*	2	*
sorrows	sor·rows	*	*	2	*
sorry	sor·ry	*	*	2	*
sought	sought	*	*	1	*
soul	soul	*	*	1	*
sound	sound	*	*	1	*
sounded	sound·ed	*	*	2	*
sounding	sound·ing	*	*	2	*
sounds	sounds	*	*	1	*
source	source	*	*	1	*
south	south	*	*	1	*
sown	sown	*	*	1	*
space	space	*	*	1	*
spacious	spa·cious	*	*	2	*
spake	spake	*	*	1	*
span	span	*	*	1	*
spangled	span·gled	*	*	2	*
spare	spare	*	*	1	*
spared	spared	*	*	1	*
spark	spark	*	*	1	*
sparkling	spar·kling	*	*	2	*
speak	speak	*	*	1	*
speaking	speak·ing	*	*	2	*
speaks	speaks	*	*	1	*
speech	speech	*	*	1	*
speed	speed	*	*	1	*
spend	spend	*	*	1	*
spent	spent	*	*	1	*
sphere	sphere	*	*	1	*
spheres	spheres	*	*	1	*
spices	spic·es	*	*	2	*
spied	spied	*	*	1	*
spilt	spilt	*	*	1	*
spires	spires	*	*	1	*
spirit	spir·it	*	*	2	*
spiritless	spir·it·less	*	*	3	*
spirits	spir·its	*	*	2	*
spite	spite	*	*	1	*
spoke	spoke	*	*	1	*
spoken	spo·ken	*	*	2	*
spotless	spot·less	*	*	2	*
spread	spread	*	*	1	*
spreading	spread·ing	*	*	2	*
spreads	spreads	*	*	1	*
spring	spring	*	*	1	*
springs	springs	*	*	1	*
sprinkled	sprin·kled	*	*	2	*
staff	staff	*	*	1	*
stain	stain	*	*	1	*
stains	stains	*	*	1	*
stall	stall	*	*	1	*
stamp	stamp	*	*	1	*
stand	stand	*	*	1	*
stands	stands	*	*	1	*
star	star	*	*	1	*
starry	star·ry	*	*	2	*
stars	stars	*	*	1	*
start	start	*	*	1	*
started	start·ed	*	*	2	*
starve	starve	*	*	1	*
starving	starv·ing	*	*	2	*
state	state	*	*	1	*
station	sta·tion	*	*	2	*
stations	sta·tions	*	*	2	*
stay	stay	*	*	1	*
stayed	stayed	*	*	1	*
steadfast	stead·fast	*	*	2	*
steady	stead·y	*	*	2	*
stealing	steal·ing	*	*	2	*
steals	steals	*	*	1	*
steel	steel	*	*	1	*
steep	steep	*	*	1	*
steer	steer	*	*	1	*
stem	stem	*	*	1	*
stemmed	stemmed	*	*	1	*
step	step	*	*	1	*
steps	steps	*	*	1	*
stern	stern	*	*	1	*
still	still	*	*	1	*
stilled	stilled	*	*	1	*
sting	sting	*	*	1	*
stirred	stirred	*	*	1	*
stone	stone	*	*	1	*
stones	stones	*	*	1	*
stood	stood	*	*	1	*
stoop	stoop	*	*	1	*
stopped	stopped	*	*	1	*
store	store	*	*	1	*
stored	stored	*	*	1	*
stores	stores	*	*	1	*
storm	storm	*	*	1	*
storms	storms	*	*	1	*
stormy	storm·y	*	*	2	*
story	sto·ry	*	*	2	*
straight	straight	*	*	1	*
strain	strain	*	*	1	*
strains	strains	*	*	1	*
strange	strange	*	*	1	*
stranger	strang·er	*	*	2	*
stray	stray	*	*	1	*
strayed	strayed	*	*	1	*
stream	stream	*	*	1	*
streamed	streamed	*	*	1	*
streaming	stream·ing	*	*	2	*
streams	streams	*	*	1	*
strength	strength	*	*	1	*
strengthen	strength·en	*	*	2	*
stretch	stretch	*	*	1	*
strict	strict	*	*	1	*
strife	strife	*	*	1	*
strike	strike	*	*	1	*
string	string	*	*	1	*
strings	strings	*	*	1	*
strive	strive	*	*	1	*
stroke	stroke	*	*	1	*
stroll	stroll	*	*	1	*
strolled	strolled	*	*	1	*
strong	strong	*	*	1	*
strove	strove	*	*	1	*
struggle	strug·gle	*	*	2	*
struggling	strug·gling	*	*	2	*
stubborn	stub·born	*	*	2	*
stuff	stuff	*	*	1	*
stumble	stum·ble	*	*	2	*
stung	stung	*	*	1	*
stupid	stu·pid	*	*	2	*
subdue	sub·due	*	*	2	*
subdued	sub·dued	*	*	2	*
subdues	sub·dues	*	*	2	*
sublime	sub·lime	*	*	2	*
submission	sub·mis·sion	*	*	3	*
submissive	sub·mis·sive	*	*	3	*
subside	sub·side	*	*	2	*
substantial	sub·stan·tial	*	*	3	*
succeeded	suc·ceed·ed	*	*	3	*
successive	suc·ces·sive	*	*	3	*
succor	suc·cor	*	*	2	*
such	such	*	*	1	*
sudden	sud·den	*	*	2	*
sued	sued	*	*	1	*
suffer	suf·fer	*	*	2	*
suffered	suf·fered	*	*	2	*
suffice	suf·fice	*	*	2	*
sufficient	suf·fi·cient	*	*	3	*
sufficiently	suf·fi·cient·ly	*	*	4	*
suit	suit	*	*	1	*
suits	suits	*	*	1	*
sullen	sul·len	*	*	2	*
summer	sum·mer	*	*	2	*
summons	sum·mons	*	*	2	*
sun	sun	*	*	1	*
sunder	sun·der	*	*	2	*
sundered	sun·dered	*	*	2	*
sung	sung	*	*	1	*
sunk	sunk	*	*	1	*
suns	suns	*	*	1	*
sunshine	sun·shine	*	*	2	*
superior	su·pe·ri·or	*	*	4	*
supplied	sup·plied	*	*	2	*
supplies	sup·plies	*	*	2	*
supply	sup·ply	*	*	2	*
support	sup·port	*	*	2	*
supported	sup·port·ed	*	*	3	*
supporter	sup·port·er	*	*	3	*
supporting	sup·port·ing	*	*	3	*
supports	sup·ports	*	*	2	*
supreme	su·preme	*	*	2	*
supremely	su·preme·ly	*	*	3	*
sure	sure	*	*	1	*
surely	sure·ly	*	*	2	*
surf	surf	*	*	1	*
surpass	sur·pass	*	*	2	*
surprise	sur·prise	*	*	2	*
surprising	sur·pris·ing	*	*	3	*
surround	sur·round	*	*	2	*
surrounded	sur·round·ed	*	*	3	*
surrounding	sur·round·ing	*	*	3	*
surrounds	sur·rounds	*	*	2	*
survey	sur·vey	*	*	2	*
surveying	sur·vey·ing	*	*	3	*
surveys	sur·veys	*	*	2	*
suspicions	sus·pi·cions	*	*	3	*
sustained	sus·tained	*	*	2	*
sustaining	sus·tain·ing	*	*	3	all-sustaining
swaddling	swad·dling	*	*	2	*
sweat	sweat	*	*	1	*
sweep	sweep	*	*	1	*
sweeping	sweep·ing	*	*	2	*
sweeps	sweeps	*	*	1	*
sweet	sweet	*	*	1	*
sweeter	sweet·er	*	*	2	*
sweetest	sweet·est	*	*	2	*
sweetly	sweet·ly	*	*	2	*
sweetness	sweet·ness	*	*	2	*
swell	swell	*	*	1	*
swelling	swell·ing	*	*	2	*
swift	swift	*	*	1	*
swiftly	swift·ly	*	*	2	*
sword	sword	*	*	1	*
sympathizing	sym·pa·thiz·ing	*	*	4	*
table	ta·ble	*	*	2	*
take	take	*	*	1	*
taken	tak·en	*	*	2	*
tale	tale	*	*	1	*
talk	talk	*	*	1	*
tall	tall	*	*	1	*
tarry	tar·ry	*	*	2	*
task	task	*	*	1	*
taste	taste	*	*	1	*
tasted	tast·ed	*	*	2	*
tasteless	taste·less	*	*	2	*
taught	taught	*	*	1	*
teach	teach	*	*	1	*
tear	tear	*	*	1	*
tears	tears	*	*	1	*
tedious	te·di·ous	*	*	3	*
tell	tell	*	*	1	*
temper	tem·per	*	*	2	*
tempest	tem·pest	*	*	2	*
tempests	tem·pests	*	*	2	*
tempestuous	tem·pes·tu·ous	*	*	4	*
temple	tem·ple	*	*	2	*
tempt	tempt	*	*	1	*
temptation	temp·ta·tion	*	*	3	*
tempted	tempt·ed	*	*	2	*
tempter	tempt·er	*	*	2	*
ten	ten	*	*	1	*
tenants	ten·ants	*	*	2	*
tenderness	ten·der·ness	*	*	3	*
tending	tend·ing	*	*	2	*
tends	tends	*	*	1	*
tents	tents	*	*	1	*
terrestrial	ter·res·tri·al	*	*	4	*
testimony	tes·ti·mo·ny	*	*	4	*
than	than	*	*	1	*
thank	thank	*	*	1	*
thankful	thank·ful	*	*	2	*
thankfulness	thank·ful·ness	*	*	3	*
thanks	thanks	*	*	1	*
thanksgiving	thanks·giv·ing	*	*	3	*
that	that	*	*	1	*
thaw	thaw	*	*	1	*
the	the	*	*	1	*
thee	thee	*	*	1	*
their	their	*	*	1	*
them	them	*	*	1	*
theme	theme	*	*	1	*
themselves	them·selves	*	*	2	*
then	then	*	*	1	*
thence	thence	*	*	1	*
there	there	*	*	1	*
therefore	there·fore	*	*	2	*
thereof	there·of	*	*	2	*
these	these	*	*	1	*
they	they	*	*	1	*
thick	thick	*	*	1	*
thief	thief	*	*	1	*
thieves	thieves	*	*	1	*
thine	thine	*	*	1	*
thing	thing	*	*	1	*
think	think	*	*	1	*
third	third	*	*	1	*
thirst	thirst	*	*	1	*
thirsted	thirst·ed	*	*	2	*
thirsty	thirst·y	*	*	2	*
this	this	*	*	1	*
those	those	*	*	1	*
thou	thou	*	*	1	*
though	though	*	*	1	*
thought	thought	*	*	1	*
thoughtless	thought·less	*	*	2	*
thousand	thou·sand	*	*	2	*
three	three	*	*	1	*
threescore	three·score	*	*	2	*
threw	threw	*	*	1	*
thrice	thrice	*	*	1	*
thrive	thrive	*	*	1	*
throne	throne	*	*	1	*
throned	throned	*	*	1	*
thrones	thrones	*	*	1	*
throng	throng	*	*	1	*
throngs	throngs	*	*	1	*
through	through	*	*	1	*
throughout	through·out	*	*	2	*
thrown	thrown	*	*	1	*
thrust	thrust	*	*	1	*
thunder	thun·der	*	*	2	*
thundered	thun·dered	*	*	2	*
thunders	thun·ders	*	*	2	*
thus	thus	*	*	1	*
thy	thy	*	*	1	*
thyself	thy·self	*	*	2	*
tide	tide	*	*	1	*
tides	tides	*	*	1	*
tidings	tid·ings	*	*	2	*
tie	tie	*	*	1	*
ties	ties	*	*	1	*
till	till	*	*	1	*
time	time	*	*	1	*
times	times	*	*	1	*
tipped	tipped	*	*	1	*
tire	tire	*	*	1	*
tired	tired	*	*	1	*
tires	tires	*	*	1	*
tis	tis	*	*	1	*
title	ti·tle	*	*	2	*
to	to	*	*	1	*
toast	toast	*	*	1	*
today	to·day	*	*	2	*
together	to·geth·er	*	*	3	*
toil	toil	*	*	1	*
toiling	toil·ing	*	*	2	*
toils	toils	*	*	1	*
tokens	to·kens	*	*	2	*
told	told	*	*	1	*
tolling	toll·ing	*	*	2	slow-tolling
tomb	tomb	*	*	1	*
tomorrow	to·mor·row	*	*	3	*
tone	tone	*	*	1	*
tongue	tongue	*	*	1	*
tongues	tongues	*	*	1	*
too	too	*	*	1	*
took	took	*	*	1	*
top	top	*	*	1	*
topmost	top·most	*	*	2	*
tore	tore	*	*	1	*
torment	tor·ment	*	*	2	*
torments	tor·ments	*	*	2	*
torn	torn	*	*	1	*
tossing	toss·ing	*	*	2	*
touch	touch	*	*	1	*
touched	touched	*	*	1	*
towards	to·wards	*	*	2	*
tower	tow·er	*	*	2	*
toy	toy	*	*	1	*
toys	toys	*	*	1	*
trace	trace	*	*	1	*
track	track	*	*	1	*
train	train	*	*	1	*
trample	tram·ple	*	*	2	*
tranquil	tran·quil	*	*	2	*
transgression	trans·gres·sion	*	*	3	*
transient	tran·si·ent	*	*	3	*
transitory	tran·si·to·ry	*	*	4	*
transporting	trans·port·ing	*	*	3	*
travailed	tra·vailed	*	*	2	*
travel	trav·el	*	*	2	*
traveler	trav·el·er	*	*	3	*
traveling	trav·el·ing	*	*	3	*
tread	tread	*	*	1	*
treasure	treas·ure	*	*	2	*
treasures	treas·ures	*	*	2	*
treasury	treas·ur·y	*	*	3	*
treat	treat	*	*	1	*
tree	tree	*	*	1	*
trees	trees	*	*	1	*
tremble	trem·ble	*	*	2	*
trembling	trem·bling	*	*	2	*
tremendous	tre·men·dous	*	*	3	*
trial	tri·al	*	*	2	*
tribulation	trib·u·la·tion	*	*	4	*
tribute	trib·ute	*	*	2	*
tried	tried	*	*	1	*
trifles	tri·fles	*	*	2	*
triumph	tri·umph	*	*	2	*
triumphant	tri·um·phant	*	*	3	*
triumphed	tri·umphed	*	*	2	*
triumphs	tri·umphs	*	*	2	*
trod	trod	*	*	1	*
trouble	trou·ble	*	*	2	*
troubled	trou·bled	*	*	2	*
troubles	trou·bles	*	*	2	*
true	true	*	*	1	*
truest	tru·est	*	*	2	*
trump	trump	*	*	1	*
trumpet	trum·pet	*	*	2	*
trumpets	trum·pets	*	*	2	*
trumps	trumps	*	*	1	*
trust	trust	*	*	1	*
trusting	trust·ing	*	*	2	*
truth	truth	*	*	1	*
truths	truths	*	*	1	*
try	try	*	*	1	*
tumultuous	tu·mul·tu·ous	*	*	4	*
tune	tune	*	*	1	*
tuned	tuned	*	*	1	*
tuneful	tune·ful	*	*	2	*
tunes	tunes	*	*	1	*
turn	turn	*	*	1	*
turned	turned	*	*	1	*
turns	turns	*	*	1	*
twelve	twelve	*	*	1	*
twenty	twen·ty	*	*	2	*
twill	twill	*	*	1	*
twinkling	twin·kling	*	*	2	*
two	two	*	*	1	*
type	type	*	*	1	*
tyranny	tyr·an·ny	*	*	3	*
unbelief	un·be·lief	*	*	3	*
unbelieving	un·be·liev·ing	*	*	4	*
unbounded	un·bound·ed	*	*	3	*
uncertain	un·cer·tain	*	*	3	*
unchanging	un·chang·ing	*	*	3	*
undaunted	un·daunt·ed	*	*	3	*
under	un·der	*	*	2	*
underneath	un·der·neath	*	*	3	*
understand	un·der·stand	*	*	3	*
understanding	un·der·stand·ing	*	*	4	*
understood	un·der·stood	*	*	3	*
undone	un·done	*	*	2	*
undying	un·dy·ing	*	*	3	*
unfit	un·fit	*	*	2	*
unfold	un·fold	*	*	2	*
unfurled	un·furled	*	*	2	*
union	un·ion	*	*	2	*
unite	u·nite	*	*	2	*
uniting	u·nit·ing	*	*	3	*
universal	u·ni·ver·sal	*	*	4	*
unknowing	un·know·ing	*	*	3	*
unknown	un·known	*	*	2	*
unless	un·less	*	*	2	*
unloose	un·loose	*	*	2	*
unmixed	un·mixed	*	*	2	*
unnumbered	un·num·bered	*	*	3	*
unseen	un·seen	*	*	2	*
until	un·til	*	*	2	*
unto	un·to	*	*	2	*
untrue	un·true	*	*	2	*
unveil	un·veil	*	*	2	*
unveils	un·veils	*	*	2	*
unwearied	un·wea·ried	*	*	3	*
up	up	*	*	1	*
upbraid	up·braid	*	*	2	*
upheld	up·held	*	*	2	*
upon	up·on	*	*	2	*
upper	up·per	*	*	2	*
upward	up·ward	*	*	2	*
urgent	ur·gent	*	*	2	*
urn	urn	*	*	1	*
us	us	*	*	1	*
used	used	*	*	1	*
useful	use·ful	*	*	2	*
useless	use·less	*	*	2	*
usher	ush·er	*	*	2	*
utmost	ut·most	*	*	2	*
utters	ut·ters	*	*	2	*
vain	vain	*	*	1	*
vainly	vain·ly	*	*	2	*
valiant	val·iant	*	*	2	*
valiantly	val·iant·ly	*	*	3	*
valley	val·ley	*	*	2	*
valleys	val·leys	*	*	2	*
vanished	van·ished	*	*	2	*
vanity	van·i·ty	*	*	3	*
vapor	va·por	*	*	2	*
vapors	va·pors	*	*	2	*
varied	var·ied	*	*	2	*
various	var·i·ous	*	*	3	*
vast	vast	*	*	1	*
vegetation	veg·e·ta·tion	*	*	4	*
veil	veil	*	*	1	*
veils	veils	*	*	1	*
veins	veins	*	*	1	*
vent	vent	*	*	1	*
venture	ven·ture	*	*	2	*
ventured	ven·tured	*	*	2	*
very	ver·y	*	*	2	*
vested	vest·ed	*	*	2	white-vested
victim	vic·tim	*	*	2	*
victories	vic·to·ries	*	*	3	*
victory	vic·to·ry	*	*	3	*
vie	vie	*	*	1	*
view	view	*	*	1	*
views	views	*	*	1	*
vile	vile	*	*	1	*
vilest	vil·est	*	*	2	*
vine	vine	*	*	1	*
virtue	vir·tue	*	*	2	*
vision	vi·sion	*	*	2	*
visit	vis·it	*	*	2	*
visits	vis·its	*	*	2	*
vital	vi·tal	*	*	2	*
vivid	viv·id	*	*	2	*
vocal	vo·cal	*	*	2	*
voice	voice	*	*	1	*
voices	voic·es	*	*	2	*
void	void	*	*	1	*
volume	vol·ume	*	*	2	*
volunteers	vol·un·teers	*	*	3	*
vows	vows	*	*	1	*
waft	waft	*	*	1	*
wafts	wafts	*	*	1	*
wait	wait	*	*	1	*
waited	wait·ed	*	*	2	*
waiting	wait·ing	*	*	2	*
waits	waits	*	*	1	*
wake	wake	*	*	1	*
waked	waked	*	*	1	*
waking	wak·ing	*	*	2	*
walk	walk	*	*	1	*
walked	walked	*	*	1	*
walking	walk·ing	*	*	2	*
walks	walks	*	*	1	*
wall	wall	*	*	1	*
walls	walls	*	*	1	*
wander	wan·der	*	*	2	*
wandered	wan·dered	*	*	2	*
wane	wane	*	*	1	*
waning	wan·ing	*	*	2	*
want	want	*	*	1	*
wanted	want·ed	*	*	2	*
wants	wants	*	*	1	*
warfare	war·fare	*	*	2	*
warm	warm	*	*	1	*
warmed	warmed	*	*	1	*
warmer	warm·er	*	*	2	*
warming	warm·ing	*	*	2	*
warms	warms	*	*	1	*
warned	warned	*	*	1	*
warren	war·ren	*	*	2	*
was	was	*	*	1	*
wash	wash	*	*	1	*
washed	washed	*	*	1	*
wast	wast	*	*	1	*
waste	waste	*	*	1	*
wasting	wast·ing	*	*	2	*
watch	watch	*	*	1	*
watched	watched	*	*	1	*
watchful	watch·ful	*	*	2	*
watchman	watch·man	*	*	2	*
water	wa·ter	*	*	2	*
waters	wa·ters	*	*	2	*
wave	wave	*	*	1	*
waves	waves	*	*	1	*
wax	wax	*	*	1	*
way	way	*	*	1	*
wayfaring	way·far·ing	*	*	3	*
we	we	*	*	1	*
weak	weak	*	*	1	*
weaker	weak·er	*	*	2	*
wealth	wealth	*	*	1	*
weapons	weap·ons	*	*	2	*
wear	wear	*	*	1	*
wearied	wea·ried	*	*	2	*
wearing	wear·ing	*	*	2	*
weary	wea·ry	*	*	2	*
weep	weep	*	*	1	*
weeping	weep·ing	*	*	2	*
weeps	weeps	*	*	1	*
weight	weight	*	*	1	*
weighty	weight·y	*	*	2	*
welcome	wel·come	*	*	2	*
welcomes	wel·comes	*	*	2	*
well	well	*	*	1	*
well-appointed	well·-ap·point·ed	*	*	4	*
went	went	*	*	1	*
wept	wept	*	*	1	*
were	were	*	*	1	*
west	west	*	*	1	*
what	what	*	*	1	*
whatever	what·ev·er	*	*	3	*
wheels	wheels	*	*	1	*
when	when	*	*	1	*
whence	whence	*	*	1	*
where	where	*	*	1	*
wherever	wher·ev·er	*	*	3	*
which	which	*	*	1	*
while	while	*	*	1	*
whisper	whis·per	*	*	2	*
whispers	whis·pers	*	*	2	*
white	white	*	*	1	*
whither	whith·er	*	*	2	*
who	who	*	*	1	*
whoever	who·ev·er	*	*	3	*
whole	whole	*	*	1	*
wholly	whol·ly	*	*	2	*
whom	whom	*	*	1	*
whose	whose	*	*	1	*
whosoever	who·so·ev·er	*	*	4	*
why	why	*	*	1	*
wide	wide	*	*	1	*
wild	wild	*	*	1	*
wilderness	wil·der·ness	*	*	3	*
wildly	wild·ly	*	*	2	*
will	will	*	*	1	*
willing	will·ing	*	*	2	*
willow	wil·low	*	*	2	*
wilt	wilt	*	*	1	*
win	win	*	*	1	*
wind	wind	*	*	1	*
winding	wind·ing	*	*	2	*
winds	winds	*	*	1	*
wing	wing	*	*	1	*
wings	wings	*	*	1	*
winning	win·ning	*	*	2	*
winter	win·ter	*	*	2	*
winters	win·ters	*	*	2	*
wintry	win·try	*	*	2	*
wipe	wipe	*	*	1	*
wiped	wiped	*	*	1	*
wipes	wipes	*	*	1	*
wisdom	wis·dom	*	*	2	*
wise	wise	*	*	1	*
wish	wish	*	*	1	*
wished	wished	*	*	1	*
wishes	wish·es	*	*	2	*
wishful	wish·ful	*	*	2	*
with	with	*	*	1	*
withdrawn	with·drawn	*	*	2	*
wither	with·er	*	*	2	*
withered	with·ered	*	*	2	*
withers	with·ers	*	*	2	*
within	with·in	*	*	2	*
without	with·out	*	*	2	*
witness	wit·ness	*	*	2	*
witnessed	wit·nessed	*	*	2	*
woe	woe	*	*	1	*
won	won	*	*	1	*
wonder	won·der	*	*	2	*
wondered	won·dered	*	*	2	*
wonderful	won·der·ful	*	*	3	*
wonders	won·ders	*	*	2	*
wondrous	won·drous	*	*	2	*
wont	wont	*	*	1	*
wonted	wont·ed	*	*	2	*
word	word	*	*	1	*
words	words	*	*	1	*
work	work	*	*	1	*
worked	worked	*	*	1	*
works	works	*	*	1	*
world	world	*	*	1	*
worldly	world·ly	*	*	2	*
worm	worm	*	*	1	*
worms	worms	*	*	1	*
worship	wor·ship	*	*	2	*
worst	worst	*	*	1	*
worth	worth	*	*	1	*
worthless	worth·less	*	*	2	*
worthwhile	worth·while	*	*	2	*
worthy	wor·thy	*	*	2	*
would	would	*	*	1	*
wound	wound	*	*	1	*
wounded	wound·ed	*	*	2	*
wounds	wounds	*	*	1	*
wove	wove	*	*	1	*
wraps	wraps	*	*	1	*
wrath	wrath	*	*	1	*
wreaths	wreaths	*	*	1	palm-wreaths
wrecks	wrecks	*	*	1	*
wrestle	wres·tle	*	*	2	*
wrestling	wres·tling	*	*	2	*
wretch	wretch	*	*	1	*
wretched	wretch·ed	*	*	2	*
write	write	*	*	1	*
written	writ·ten	*	*	2	*
wrong	wrong	*	*	1	*
wrought	wrought	*	*	1	*
ye	ye	*	*	1	*
yea	yea	*	*	1	*
year	year	*	*	1	*
yearn	yearn	*	*	1	*
yes	yes	*	*	1	*
yet	yet	*	*	1	*
yield	yield	*	*	1	*
yielded	yield·ed	*	*	2	*
yields	yields	*	*	1	*
yoke	yoke	*	*	1	*
yon	yon	*	*	1	*
yonder	yon·der	*	*	2	*
you	you	*	*	1	*
young	young	*	*	1	*
your	your	*	*	1	*
youth	youth	*	*	1	*
youthful	youth·ful	*	*	2	*
zeal	zeal	*	*	1	*